,,,,,,,,,,,,,,,,,,,,
,,Final Perfumes Prices and Category List,,,,,,,,,,,,,,,,,,
,,,,,,,,,,,,,,,,,,,,
,,Sr. #,Perfume Oil,Brand,Supplier,Category,Season,Time,Notes Details,,,Price of 100 Gram Oil,"Attar Price 
(1 Tola)","Box Price 
(1 Tola)","Bottle Price
(1 Tola)",PrintingCost,Flyer Cost,Delivery Charges,"Total Cost 
(1 Tola)",Selling Price
,,,,,,,,,Top Note,Heart Note,Base Notes,,,,,,,,,
,,  1 ,1 MILLION ROYAL BY PACO RABANNE - PRM,PACO RABANNE,TRS Chem,Men,"Spring, Winter &  Autumn",DAY & NIGHT,"Cardamom, Tangerin, Bergamot","Lavender, Violet Leaf and Sage","Benzoin, Cedarwood, Patchouli",5300,636,150,120,2,10,250,1168,1668
,,  2 ,GANYMEDE BY MARC ANTOINE BARROIS) - PRM,MARC ANTOINE BARROIS,Farhan,Unisex,All Seasons,DAY & NIGHT,Mandarin Orange and Saffron,Violet Leaf and Osmanthus,Akigalawood and Immortelle,5000,600,150,120,2,10,250,1132,1632
,,  3 ,SILK MUSK SUPER BY AJMAL,AJMAL,Farhan,Unisex,All Seasons,DAY & NIGHT,Lily-of-the-Valley and White Florals,Pure White Musk,Amber and Musk,4500,540,150,120,2,10,250,1072,1572
,,  4 ,X FOR MEN BY CLIVE CHRISTIAN,CLIVE CHRISTIAN,TRS Chem,Men,Winter & Autumn,Evening / Night,"Cardamom, Pink Pepper, Ginger, and Bergamot","Orris Butter, Cinnamon, Violet, and Jasmine","Vetiver, Oakmoss, Cedarwood, Amber, and Vanilla",4400,528,150,120,2,10,250,1060,1560
,,  5 ,AVENTUS BY CREED - PRM,CREED,Sensula,Men,All Seasons,DAY & NIGHT,"Pineapple, Bergamot, Black Currant, Apple","Birch (Smoky), Patchouli, Moroccan Jasmine, Rose","Musk, Oakmoss, Ambergris, Vanilla",4200,504,150,120,2,10,250,1036,1536
,,  6 ,GUCCI GUILTY ELIXIR DE PARFUM POUR HOMME ,GUCCI,TRS Chem,Unisex,All Seasons,DAY & NIGHT,"Orange Flower, Pimento, and Nutmeg","Orris Butter (Iris), Orange Blossom, and Osmanthus","Ambrofix, Benzoin, Vanillin, and Patchouli",4050,486,150,120,2,10,250,1018,1518
,,  7 ,JANAN GOLD BY J.,J.,Sensula,Men,All Seasons,DAY & NIGHT,"Red Apple, Bergamot, Blackcurrant, and Pineapple","Rose, Jasmine, Patchouli, and Birch","Leather, Oakmoss, Amber, Vanilla, and Musk",4000,480,150,120,2,10,250,1012,1512
,,  8 ,SHAMAMA,,Farhan,Unisex,Winter & Autumn,Evening / Night,"Saffron, Cardamom, Clove, and Herbal Accords","Exotic Rose, Jasmine, Henna (Mehndi), and Earthy Roots","Pure Sandalwood, Agarwood (Oud), Musk, Ambergris, and Patchouli",4000,480,150,120,2,10,250,1012,1512
,,  9 ,BOSS THE SCENT MAGNETIC FOR HER BY HUGO BOSS,HUGO BOSS,TRS Chem,Women,All Seasons,Evening / Night,"Pure White Musk (gives it an immediate ""clean skin"" but sensual feel)",Osmanthus (a flower that smells naturally like apricots and leather),Ambrette (Musk Mallow) and Citrus,3900,468,150,120,2,10,250,1000,1500
,,  10 ,OFFICE FOR MEN BY JEREMY FRAGRANCE,JEREMY FRAGRANCE,Sensula,Men,All Seasons,Day Time,"Ambroxan, Bergamot, and Orris Root","Woody Notes, Floral Notes, Ambergris, Jasmine, and Amber","Woody Notes, Musk, Patchouli, and Cashalox",3900,468,150,120,2,10,250,1000,1500
,,  11 ,DELINA BY PARFUMS DE MARLY,PARFUMS DE MARLY,TRS Chem,Women,Spring & Summer,Day Time,"Litchi, Rhubarb, Bergamot, and Nutmeg","Turkish Rose, Peony, Musk, Petalia, and Vanilla","Cashmeran, Cedar, Haitian Vetiver, and Incense",3800,456,150,120,2,10,250,988,1488
,,  12 ,OUD ROSEWOOD BY CHRISTIAN DIOR,DIOR,TRS Chem,Unisex,"Spring, Winter &  Autumn",DAY & NIGHT,Raspberry and Quince,Animalic Notes and Sandalwood,Agarwood (Oud) and Palisander Rosewood,3700,444,150,120,2,10,250,976,1476
,,  13 ,BACCARAT ROUGE 540 BY MAISON FRANCIS,MAISON FRANCIS,TRS Chem,Unisex,Summer,DAY & NIGHT,"Saffron, Jasmine (Hedione)","Amberwood, Ambergris (Mineral & Salty)","Fir Resin, Cedar, Sugar (Ethyl Maltol",3600,432,150,120,2,10,250,964,1464
,,  14 ,CRYSTAL SAFFRON BY MATIERE PREMIERE,MATIERE PREMIERE,TRS Chem,Unisex,All Seasons,DAY & NIGHT,Greek Saffron,Musk Habanolide,"Ambroxan and Incense (Provides long-lasting,slightly smoky &salty-sweet finish)",3600,432,150,120,2,10,250,964,1464
,,  15 ,GUCCI GUILTY ELIXIR DE PARFUM POUR FEMME,GUCCI,TRS Chem,Women,Winter & Autumn,Evening / Night,"Bergamot, Mandora, and Violet","Wisteria Accord, Rose, and Osmanthus","Vanilla Absolute, Tonka Bean, and Patchouli",3600,432,150,120,2,10,250,964,1464
,,  16 ,JANAN OUD BY J.,J.,Hussaini,Men,Winter & Autumn,Evening / Night,"Raspberry, Saffron, Clove, and Ozonic Accord","Rose, Tea, Lily of the Valley, and Geranium","Agarwood (Oud), Leather, Amber, Patchouli, and Sandalwood",3600,432,150,120,2,10,250,964,1464
,,  17 ,TAREEKH BY J.,J.,Hussaini,Unisex,Winter & Autumn,Evening / Night,Oudh (Agarwood) and Amber,Woody Notes and Warm Spices,Rose and Sandalwood,3600,432,150,120,2,10,250,964,1464
,,  18 ,POLO BLACK BY RALPH LAUREN, RALPH LAUREN,TRS Chem,Men,All Seasons,Day Time,"Iced Mango, Tangerine, and Lemon",Silver Armoise (Wormwood) and Spanish Sage,"Patchouli Noir, Sandalwood, and Tonka Bean",3520,422.4,150,120,2,10,250,954.4,1454.4
,,  19 ,9 PM BY AFNAN,AFNAN,Farhan,Men,Winter & Autumn,Evening / Night,"Apple, Cinnamon, Wild Lavender, Bergamot (Crips & Fruity Spicy)","Orange Blossam, Lily-of-the-Valley (Smooth & Floral)","Vanilla, Tonka Bean, Amber, Patchouli (Sweet, Creemy & Warm)",3500,420,150,120,2,10,250,952,1452
,,  20 ,BLUE SAPPHIRE BY BOADICEA THE VICTORIA,BOADICEA THE VICTORIA,Farhan,Unisex,Winter & Autumn,Weddings,"Lemon, Orange, Sage, and Saffron (A bright, ""cold"" opening)","Rose, Jasmine, and Cardamom (Sophisticated floral spice)","Oud (Agarwood), Amber, and Patchouli (A deep, dark, woody foundation)",3500,420,150,120,2,10,250,952,1452
,,  21 ,IMAGINATION BY LOUIS VUITTON,LOUIS VUITTON,Farhan,Men,All Seasons,Day Time,"Citron, Calabrian Bergamot, and Sicilian Orange","Tunisian Neroli, Nigerian Ginger, and Ceylon Cinnamon","Chinese Black Tea, Ambroxan, Guaiac Wood, and Olibanum (Incense)",3500,420,150,120,2,10,250,952,1452
,,  22 ,LES SABLES ROSES BY LOUIS VUITTON,LOUIS VUITTON,TRS Chem,Unisex,All Seasons,Day Time,Spiced Rose & Saffron,Dark Rose & Smoky Oud,Salty Amber & Soft Wood,3500,420,150,120,2,10,250,952,1452
,,  23 ,SILVER SHADE BY AJMAL,AJMAL,Hussaini,Unisex,Spring & Summer,Day Time,"Lime, Bergamot, Lemon, Blackcurrant, Violet Leaf, and Plum","Iris, Rose, and Jasmine","White Musk, Ambergris, Sandalwood, Cedar, Tonka Bean, and Civet",3500,420,150,120,2,10,250,952,1452
,,  24 ,VOILET MUSK BY AJMAL,AJMAL,Hussaini,Unisex,Spring & Summer,Day Time,"Musk, Lily-of-the-Valley, Ylang-Ylang, and Rose",Violet,Amber and Musk,3500,420,150,120,2,10,250,952,1452
,,  25 ,ESSENTIAL BY LACOSTE,LACOSTE,TRS Chem,Men,Spring & Summer,Day Time,"Tomato Leaf, Tangerine, Bergamot, and Cassia",Rose and Pepper,Sandalwood and Patchouli,3420,410.4,150,120,2,10,250,942.4,1442.4
,,  26 ,"""K"" BY DOLCE & GABBANA (D&G)",D&G,Farhan,Men,Spring & Summer,Day Time,"Blood Orange, Sicilian Lemon, Juniper Berries, and Citruses","Pimento (Chili Pepper), Clary Sage, Geranium, and Lavender","Cedar, Vetiver, and Patchouli",3400,408,150,120,2,10,250,940,1440
,,  27 ,ACQUA DI GIO PROFONDO ELIXIR BY ARMANI,GIORGIO ARMANI,TRS Chem,Men,Spring & Summer,DAY & NIGHT,"Bergamot, Sea Notes (Very Flash & Salty)","Rosemary, Sage, Geranium (Aromatic & Herbal)","Patchouli, Incense, Labdanum (Smoky, Earthy & Deep)",3400,408,150,120,2,10,250,940,1440
,,  28 ,AFTERNOON SWIM BY LOUIS VUITTON,LOUIS VUITTON,Hussaini,Unisex,Summer (in Heat & Humid),Day Time,"Sicilian Orange, Bergamot and Mandarin Orange","Ambergris (Provides a salty, skin-like warmth and Ginger)",Nil,3400,408,150,120,2,10,250,940,1440
,,  29 ,FAHRENHEIT BY DIOR , DIOR ,Farhan,Men,Winter & Autumn,Evening / Night,"Lavender, Mandarin Orange, Hawthorn, Nutmeg Flower, Cedar, Bergamot, Chamomile, and Lemon","Nutmeg, Honeysuckle, Carnation, Sandalwood, Violet Leaf, Jasmine, Lily-of-the-Valley, and Cedar","Leather, Tonka Bean, Amber, Patchouli, Musk, and Vetiver.",3400,408,150,120,2,10,250,940,1440
,,  30 ,IMPERIAL VALEEY BY GISSAH,GISSAH,Sensula,Unisex,All Seasons,DAY & NIGHT,"Sicilian Bergamot, Davana, and Pink Pepper","Agarwood (Oud), White Amber, and Rosemary","Leather, Musk, and Haitian Vetiver",3400,408,150,120,2,10,250,940,1440
,,  31 ,MUSK-E-SHAHEER BY J.,J.,Hussaini,Unisex,All Seasons,DAY & NIGHT,"Fresh Citrus, Dewy Florals, and Sparkling Green Notes","Powdery Rose, Jasmine, and Lily of the Valley","Pure White Musk, Amber, Sandalwood, and Vanilla",3400,408,150,120,2,10,250,940,1440
,,  32 ,MUSK SILK {AJMAL},AJMAL,Hussaini,Unisex,All Seasons,Day Time,Lily of the Valley,Musk,Musk and Amber,3400,408,150,120,2,10,250,940,1440
,,  33 ,SILK MUSK BY AJMAL,AJMAL,Farhan,Unisex,Spring & Summer,Day Time,Lily-of-the-Valley and Fresh Musk,Royal White Musk and Powdery Accords,"Vanilla, White Amber, and Soft Woods",3400,408,150,120,2,10,250,940,1440
,,  34 ,AZZARO CHROME EXTREME BY AZZARO,AZZARO,Farhan,Men,Spring & Summer,Day Time,Green Mandarin (very tart and zesty),"Juniper Berries, Sea Notes (salty and ""blue"")","Amber, Cashmeran (provides a warm, fuzzy skin scent)",3300,396,150,120,2,10,250,928,1428
,,  35 ,HACIVAT BY NISHANE,NISHANE,Hussaini,Unisex,All Seasons,DAY & NIGHT,"Pineapple, Bergamot, and Grapefruit.","Cedarwood, Patchouli, and Jasmine",Oakmoss and Dry Timberwood,3200,384,150,120,2,10,250,916,1416
,,  36 ,OUD SATIN MOOD BY MAISON FRANCIS KURKDJIAN,MAISON FRANCIS KURKDJIAN,Sensula,Unisex,Winter & Autumn,Evening / Night,Violet and Geranium,Bulgarian Rose and Turkish Rose,"Laotian Oud, Vanilla, Benzoin, and Amber",3200,384,150,120,2,10,250,916,1416
,,  37 ,ROSE OUD BY KILIAN PARIS,KILIAN,Sensula,Unisex,"Spring, Winter &  Autumn",Evening / Night,"Bulgarian Rose, Saffron, and Cinnamon",Tincture of Rose and Litchi,"Agarwood (Oud), Guaiac Wood, Cedar, and Leather",3200,384,150,120,2,10,250,916,1416
,,  38 ,SPICEBOMB BY VIKTOR & ROLF,VIKTOR & ROLF,Farhan,Men,Winter & Autumn,Evening / Night,"Pink Pepper, Elemi, Bergamot, and Grapefruit","Cinnamon, Saffron, and Paprika",,3200,384,150,120,2,10,250,916,1416
,,  39 ,GREEN IRISH TWEED BY CREED,CREED,TRS Chem,Men,Spring & Summer,Day Time,Lemon Verbena and Iris,Violet Leaf,Ambergris and Mysore Sandalwood,3150,378,150,120,2,10,250,910,1410
,,  40 ,MEGAMARE BY ORTO PARISi,ORTO PARISi,TRS Chem,Unisex,Spring & Summer (Hi Heat),DAY & NIGHT,"Sea Water, Bergamot, and Lemon","Seaweed, Calone, and Hedione","Ambroxan, Musk, Cedar, and Labdanum",3100,372,150,120,2,10,250,904,1404
,,  41 ,OMBRE LEATHER BY TOM FORD,TOM FORD,TRS Chem,Unisex,Winter & Autumn,Evening / Night,Cardamom,Leather and Jasmine Sambac,"Amber, Moss, and Patchouli",3100,372,150,120,2,10,250,904,1404
,,  42 ,PURE MUSK BY CREATION LAMIS, CREATION LAMIS,TRS Chem,Men,Winter & Autumn,Evening / Night,"Basil, Rosemary, Green Mint, and Lemon","Coriander, Juniper, and Wormwood (Armoise)","Patchouli, Oakmoss, Pine Needles, and Cedarwood",3100,372,150,120,2,10,250,904,1404
,,  43 ,1 MILLION ELIXER BY PACO RABANNE,PACO RABANNE,Hussaini,Men,Winter & Autumn,Evening / Night,"Apple & Davana (A sweet, Herbal, Tea-Like Scent)","Damask Rose, Osmanthus, and Cederwood","Vanilla Absolute, Tonka Been, Patchouli",3000,360,150,120,2,10,250,892,1392
,,  44 ,1 MILLION LUCKY BY PACO RABANNE,PACO RABANNE,Hussaini,Men,"Spring, Winter &  Autumn",DAY & NIGHT,"Plum, Ozonic Notes, Grapefruit, Bergamot","Hazelnut, Honey, Cedar, Cashmere Wood, Jasmine","Amberwood, Patchouli, Oakmoss, Vetiver",3000,360,150,120,2,10,250,892,1392
,,  45 ,212 HEROES BY CAROLINA HARARE,CAROLINA HARARE,Hussaini,Men,Spring & Summer,Day Time,"Pear, Fresh Ginger, Cannabis","Geranium, Sage","Musk, Leather",3000,360,150,120,2,10,250,892,1392
,,  46 ,BLACK OUD BY AL HARAMAIN,AL HARAMAIN,TRS Chem,Unisex,Winter & Autumn,Evening / Night,"Musk, Sage, Citrus (mostly to provide a sharp opening)","Agarwood (Oud), Patchouli, Balsamic notes","Leather, Oakmoss, Sandalwood, Amber",3000,360,150,120,2,10,250,892,1392
,,  47 ,BOSS IN OFFICE,,Hussaini,Men,,Day Time,,,,3000,360,150,120,2,10,250,892,1392
,,  48 ,FUCKING FABULOUS BY TOM FORD,TOM FORD,Hussaini,Unisex,Winter & Autumn,Evening / Night,"Clary Sage and Lavender. (A sharp, aromatic, and slightly herbal opening)","Bitter Almond, Vanilla, and Orris. ","Leather, Tonka Bean, Cashmeran, and Amber",3000,360,150,120,2,10,250,892,1392
,,  49 ,HIJR E ASWAD {B},,Hussaini,Unisex,All Seasons,DAY & NIGHT,Black Musk and Saffron,Incense (Bakhour) and Rose,"Amber, Agarwood (Oud), and Sandalwood",3000,360,150,120,2,10,250,892,1392
,,  50 ,LE MALE ELIXIR ABSOLU BY JEAN PAUL GAULTIER,J.P.G,TRS Chem,Men,Winter & Autumn,Evening / Night,"Plum, Cinnamon, Cardamom, and Bergamot","Lavender, Davana, and Artemisia","Tonka Bean, Benzoin, Ambrette (Musk), and Patchouli",3000,360,150,120,2,10,250,892,1392
,,  51 ,MAJESTIC OUD (CREATON),,Sensula,,,,,,,3000,360,150,120,2,10,250,892,1392
,,  52 ,NO-4 APRES L'AMOUR BY THOMAS KOSMALA,THOMAS KOSMALA,Sensula,Unisex,All Seasons,Evening / Night,Bitter Orange Blossom and Lemon Zest,Aromatic Spices,"Musk, Amber, and Dry Woody Notes",3000,360,150,120,2,10,250,892,1392
,,  53 ,POLO GREEN BY RALPH LAUREN, RALPH LAUREN,Hussaini,Men,Winter & Autumn,Evening / Night,"Pine Accord, Basil, Juniper Berries, and Artemisia","Leather, Tobacco Leaf, Patchouli, and Jasmine","Oakmoss, Cedar, Vetiver, and Amber",3000,360,150,120,2,10,250,892,1392
,,  54 ,Y LE PARFUM 2025 BY YVES SAINT LAURENT,YVES SAINT LAURENT,Farhan,Men,All Seasons,DAY & NIGHT,Ginger and Bergamot,"Pine Needles, Balsam Fir, and Geranium",Amber and Patchouli,3000,360,150,120,2,10,250,892,1392
,,  55 ,ACQUA DI GIO PROFONDO PARFUM (ARMANI),GIORGIO ARMANI,TRS Chem,Men,Spring & Summer,Day Time,"Marine Notes, Aquozone, Green Mandarin, Bergamot","Rosemary, Lavendor, Cypress, Mastic (Lentisque)","Mineral Notes, Musk, Patchouli, Amber",2950,354,150,120,2,10,250,886,1386
,,  56 ,MARJ BY AHMED AL MAGHRIBI,AHMED AL MAGHRIBI,TRS Chem,Unisex,"Spring, Winter &  Autumn",Evening / Night,"Oud, Honey, Pink Pepper, Elemi, Nutmeg, Bergamot, and Mandarin","Cashmere Wood, Saffron, Orange Blossom, Jasmine, Patchouli, Cinnamon, and Vetiver","Agarwood (Oud), Ambergris, Leather, Oakmoss, Sandalwood, Musk, Raspberry, Violet, and Pear",2950,354,150,120,2,10,250,886,1386
,,  57 ,OUD MARACUJA BY MAISON CRIVELLI,MAISON CRIVELLI,TRS Chem,Women,Winter & Autumn,DAY & NIGHT,"Passion Fruit, Saffron, Turkish Rose, and Fruity Notes","Agarwood (Oud), Indonesian Patchouli, and Benzoin","Leather, Akigalawood, Amber, Labdanum, and Vanilla",2950,354,150,120,2,10,250,886,1386
,,  58 ,GRIS BY CHRISTIAN DIOR,DIOR,Sensula,Unisex,All Seasons,DAY & NIGHT,Bergamot and Grapefruit,Grasse Rose and Jasmine,"Oakmoss, Patchouli, Amber, Cedar, and Sandalwood",2900,348,150,120,2,10,250,880,1380
,,  59 ,ZARAR ORIGINAL BY J. ,J.,Farhan,Men,All Seasons,DAY & NIGHT,"Pineapple, Bergamot, Blackcurrant, and Red Apple","Birch, Patchouli, Jasmine, and Rose","Oakmoss, Amber, Musk, and Creamy Vanilla",2900,348,150,120,2,10,250,880,1380
,,60,JIMMY CHOO MEN BY JIMMY CHOO,JIMMY CHOO,TRS Chem,Men,Spring & Summer,Day Time,"Honeydew Melon, Lavender, and Mandarin Orange","Pink Pepper, Geranium, and Pineapple Leaf","Suede, Patchouli, and Ambery Woods",2900,348,150,120,2,10,250,880,1380
,,61,RAGHBA BY LATAFFA,LATAFFA,TRS Chem,Unisex,Winter & Autumn,Evening / Night,Sugar and Vanilla,Incense and Oud,"Sandalwood, Musk, and Amber",2900,348,150,120,2,10,250,880,1380
,,62,WHITE OUD TOP SELLING,,Sensula,,,,,,,2900,348,150,120,2,10,250,880,1380
,,63,TUXEDO BY YVES SAINT LAURENT,YVES SAINT LAURENT,Sensula,Unisex,"Spring, Winter &  Autumn",Evening / Night,"Violet Leaf, Coriander, and Bergamot","Rose, Black Pepper, and Lily-of-the-Valley","Patchouli, Bourbon Vanilla, and Ambergris",2880,345.6,150,120,2,10,250,877.6,1377.6
,,64,KUMAAR BY J.,J.,Farhan,Men,Spring & Summer,Day Time,Bergamot and Citruses,"Lavender, Pepper, and Green Notes","Vanilla, Amber, and Woody Notes",2850,342,150,120,2,10,250,874,1374
,,65,BLUE OUD BY ARABIAN OUD,ARABIAN OUD,Farhan,Unisex,"Spring, Winter &  Autumn",Evening / Night,"Blue Musk, Bergamot","Indian Oud, Guaiac Wood","Black Musk, Amber",2800,336,150,120,2,10,250,868,1368
,,66,BURBERRY HERO BY BURBERRY,BURBERRY,Farhan,Men,All Seasons,DAY & NIGHT,Bergamot,Juniper and Black Pepper,"Atlas, Himalayan, and Virginian Cedar",2800,336,150,120,2,10,250,868,1368
,,67,CHANEL RED,CHANEL,Hussaini,,,,,,,2800,336,150,120,2,10,250,868,1368
,,68,CIGAR VIP,,Hussaini,Men,Winter & Autumn,Evening / Night,Bergamot and Sage,Saffron and Cinnamon,Tobacco and Sandalwood,2800,336,150,120,2,10,250,868,1368
,,69,JANAN SPORTS BY J.,J.,Farhan,Men,Spring & Summer,Day Time,"Marine Notes, Pineapple, Pink Pepper, Bergamot, and Lemon","Lily of the Valley, Jasmine, and Rose Geranium","Ambergris, Musk, Patchouli, Cedarwood, and Tonka Bean",2800,336,150,120,2,10,250,868,1368
,,70,XPOSE BY J.,J.,Hussaini,Unisex,All Seasons,DAY & NIGHT,"Mandarin, Lemon, Bergamot, and Red Orange","Saffron, Lavender, and Sage","Ambergris (Grey Amber), Oakmoss, and Oakwood",2800,336,150,120,2,10,250,868,1368
,,71,LIGHT BLUE BY DOLCE & GABBANA (D&G),D&G,Farhan,Women,Summer,Day Time,"Sicilian Lemon, Apple, Cedar, and Bellflower","Bamboo, Jasmine, and White Rose","Cedar, Musk, and Amber",2800,336,150,120,2,10,250,868,1368
,,72,MY WAY BY GIORGIO ARMANI,GIORGIO ARMANI,Hussaini,Women,Spring & Summer,Day Time,Orange Blossom (Egypt) and Bergamot (Calabria),Tuberose and Indian Jasmine,"Madagascar Vanilla, White Musk, and Virginian Cedar",2800,336,150,120,2,10,250,868,1368
,,73,OUD FOR GREATNESS BY INITIO, INITIO,Farhan,Unisex,Winter & Autumn,Evening / Night,"Saffron, Nutmeg, and Lavender",Natural Agarwood (Oud),Patchouli and Musk,2800,336,150,120,2,10,250,868,1368
,,74,ROYAL BY RASASI,RASASI,Hussaini,Men,Spring & Summer,Day Time,Lavender and Geranium,Cedarwood and Cinnamon,"Patchouli, Oakmoss, Musk, and Amber",2800,336,150,120,2,10,250,868,1368
,,75,SHEIKHA,,Hussaini,Unisex,All Seasons,Day Time,"Sandalwood, Musk, Amber, Geranium, and Lily of the Valley","Cedar, Oud (Agarwood), Rose, and Fruity Accords",Pine and Resinous Notes,2800,336,150,120,2,10,250,868,1368
,,76,JIMMY CHOO MEN ICE BY JIMMY CHOO,JIMMY CHOO,TRS Chem,Men,Summer (Peak),Day Time,"Citron (Cedrat), Bergamot, and Mandarin Orange","Apple, Vetiver, Cedar, and Patchouli","Musk, Ambroxan, and Moss",2750,330,150,120,2,10,250,862,1362
,,77,ESCAPE BY CALVIN KLEIN ,CALVIN KLEIN,TRS Chem,Women,Spring & Summer,Day Time,"Melon, Chamomile, Marigold, Apricot, Hyacinth, Oakmoss, Apple, and Coriander","Peach, Rose, Jasmine, and Clove","Oakmoss, Musk, Amber, and Sandalwood",2700,324,150,120,2,10,250,856,1356
,,78,J.P.G,J.P.G,Hussaini,,,,,,,2700,324,150,120,2,10,250,856,1356
,,79,OUD WOOD BY TOM FORD,TOM FORD,TRS Chem,Unisex,Winter & Autumn,Day Time,"Rosewood, Cardamom, and Chinese Pepper","Oud (Agarwood), Sandalwood, and Vetiver","Tonka Bean, Vanilla, and Amber",2700,324,150,120,2,10,250,856,1356
,,80,TOBACCO OUD BY TOM FORD ,TOM FORD,Hussaini,Unisex,Winter & Autumn,Evening / Night,Whiskey,"Spicy Notes, Cinnamon, and Coriander","Tobacco, Agarwood (Oud), Incense, Sandalwood, Patchouli, Benzoin, Vanilla, and Cedar",2700,324,150,120,2,10,250,856,1356
,,81,ONE MAN SHOW BY JACQUES BOGART, JACQUES BOGART,TRS Chem,Men,Winter & Autumn,Evening / Night,"Basil, Bergamot, Artemisia, Caraway, Galbanum, and Brazilian Rosewood","Pine Tree Needles, Spices, Carnation, Patchouli, Vetiver, and Rose","Leather, Oakmoss, Castoreum, Cedar, Amber, and Sandalwood",2680,321.6,150,120,2,10,250,853.6,1353.6
,,82,POLO BLUE BY RALPH LAUREN, RALPH LAUREN,TRS Chem,Men,All Seasons,Day Time,"Bergamot, Cardamom, and Sea Notes","Blue Orris, Basil, Verbena, and Clary Sage","Suede, Vetiver, Patchouli, and Woodsy Notes",2680,321.6,150,120,2,10,250,853.6,1353.6
,,83,1881 BY CURRAITI,CURRAITI,Hussaini,Men,Spring & Summer,Day Time,"Juniper Berries, Lavender, Rosemary, Bergamot, Galbanum","Rose, Lily-of-the-Valley, Cassia, Ylang-Ylang","Pine Tree, cedar, Sandalwood, Musk, Oakmoss",2600,312,150,120,2,10,250,844,1344
,,84,ANGEL SHARE BY KILLIAN ,,Farhan,Unisex,Winter & Autumn,Evening / Night,"Cognac: A massive, realistic blast of boozy sweetness right at the start","Cinnamon, Tonka , Oak","Vanilla, Praline, Sandalwood",2600,312,150,120,2,10,250,844,1344
,,85,BLUE FOR MEN BY RASASI ,RASASI ,TRS Chem,Men,Spring & Summer,DAY & NIGHT,"Mint, Mandarin Orange, Pepper, Coriander","Jasmine, Rose, Geranium (Floral but kept very ""clean"")","Amber, Woody Notes",2600,312,150,120,2,10,250,844,1344
,,86,BOSS BOTTLED NIGHT BY HUGO BOSS,HUGO BOSS,Farhan,Men,Spring & Autumn,Evening / Night,"Lavender, Birch Leaves","African Violet, Jasmine, Cardamom","Lauro Amarelo Wood, Sandalwood, Musk",2600,312,150,120,2,10,250,844,1344
,,87,CLUB DE NUIT BY ARMAF,ARMAF,Sensula,Women,Winter &  Autumn,Evening / Night,"Bergamot, Grapefruit, Peach, and Orange","Geranium, Jasmine, Litchi, and Rose.","Musk, Patchouli, Vanilla, and Vetiver",2600,312,150,120,2,10,250,844,1344
,,88,ERBA PURA BY XERJOFF,XERJOFF,Sensula,Unisex,All Seasons,DAY & NIGHT,"Orange, Lemon, and Bergamot from Sicily",Mediterranean Fruits,"White Musk, Amber, and Madagascar Vanilla",2600,312,150,120,2,10,250,844,1344
,,89,EXPLORER ULTRA BLUE BY MONTBLANC , MONTBLANC ,Farhan,Men,Spring & Summer,Day Time,"Sicilian Bergamot, Exotic Fruits, and Pink Pepper",Marine Accord and Ambergris,"Indonesian Patchouli, Woody Notes, and Leather",2600,312,150,120,2,10,250,844,1344
,,90,INVICTUS VICTORY ABSOLU BY PACO RABANNE,PACCO RABANNE,Hussaini,Men,Winter & Autumn,Evening / Night,Black Pepper,"Amber, Ambergris, and Woodsy Notes","Sandalwood, Frankincense (Incense), and Patchouli",2600,312,150,120,2,10,250,844,1344
,,91,AL ROUNDER BY J.,J.,Hussaini,Men,All Seasons,DAY & NIGHT,"Apple, Lavender, Pepper, and Grapefruit","Cedarwood, Iris (Orris), Cardamom, and Violet Leaves","Patchouli, Amberwood, Musk, and Saffron",2600,312,150,120,2,10,250,844,1344
,,92,BAMSI DEFENDER BY J.,J.,Hussaini,Men,Winter & Autumn,Evening / Night,"Bergamot, Cardamom, and Violet Leaves",Cinnamon and Lily of the Valley,"Leather, Sandalwood, Tonka Bean, and Vanilla",2600,312,150,120,2,10,250,844,1344
,,93,EDGE BY J.,J.,Hussaini,Men,Spring & Summer,Day Time,"Yuzu, Bergamot, Lemon, and Tarragon",Nutmeg and Water Lily,"Tobacco, Sandalwood, Cedar, Vetiver, and Musk.",2600,312,150,120,2,10,250,844,1344
,,94,MIKA BY J.,J.,Farhan,Men,Spring & Summer,Day Time,"Tangerine, Bergamot, Cassia, and Tomato Leaf",Pepper and Rose,Patchouli and Sandalwood,2600,312,150,120,2,10,250,844,1344
,,95,RHYTHM BY J.,J.,Farhan,Men,Spring & Summer,Day Time,"Mandarin Orange, Aquatic Notes, and Orange","Black Pepper, Neroli, and Cedar","Tonka Bean, Vetiver, Amber, and White Musk",2600,312,150,120,2,10,250,844,1344
,,96,SAVASCI BY J.,J.,Hussaini,Men,Winter & Autumn,Evening / Night,Plum and Peach,Coconut and Cinnamon,"Sandalwood, Vanilla, and Musk",2600,312,150,120,2,10,250,844,1344
,,97,JAGUAR CLASSIC GOLD BY JAGUAR,JAGUAR,Hussaini,Men,All Seasons,DAY & NIGHT,"Apple, Bergamot, and Lime",Orange Blossom and Teak Wood,"Vanilla, Patchouli, and Musk",2600,312,150,120,2,10,250,844,1344
,,98,KASHMIRI OUD,,Farhan,Unisex,Winter & Autumn,Evening / Night,"Saffron, Bergamot, and Lavender","Rose, Agarwood (Oud), and Cardamom","Sandalwood, Patchouli, Amber, and Musk",2600,312,150,120,2,10,250,844,1344
,,99,OMBRE NOMADE BY LOUIS VUITTON,LOUIS VUITTON,Sensula,Unisex,Winter & Autumn,Evening / Night,"Main Notes: Agarwood (Oud), Rose, Incense, and Raspberry","Supporting Notes: Saffron, Amberwood, Birch, Benzoin, and Geranium",,2600,312,150,120,2,10,250,844,1344
,,100,OUD MALAKI BY CHOPARD,CHOPARD,Sensula,Men,Winter & Autumn,Evening / Night,"Grapefruit, Lavender, and Artemisia","Tobacco, Spices, and Leather","Agarwood (Oud), Ambergris, and Dark Woody Notes",2600,312,150,120,2,10,250,844,1344
,,101,ROMANCE BY RASASI,RASASI,Farhan,Women,Spring & Summer,Day Time,"Hyacinth, Ylang-Ylang, Galbanum, Raspberry, Peach, and Apricot",Jasmine and Rose,"Powdery Notes, Sandalwood, Musk, Amber, and Cedar",2600,312,150,120,2,10,250,844,1344
,,102,SADAF BY RASASI,RASASI,Hussaini,Unisex,Winter & Autumn,Evening / Night,Oriental Spices,Amber and Taif Rose,Oud (Agarwood) and Sandalwood,2600,312,150,120,2,10,250,844,1344
,,103,SAUVAGE ELIXIR BY DIOR,DIOR,Farhan,Men,Winter & Autumn,Evening / Night,"Cinnamon, Nutmeg, Cardamom, and Grapefruit",Lavender ,"Licorice, Sandalwood, Amber, Patchouli, and Haitian Vetiver",2600,312,150,120,2,10,250,844,1344
,,104,SI PARFUM BY ARMANI,GIORGIO ARMANI,Farhan,Women,"Spring, Winter &  Autumn",DAY & NIGHT,Blackcurrant Nectar and Sicilian Bergamot,"May Rose (Rose de Mai), Freesia, and Egyptian Jasmine","Patchouli, Vanilla, Ambroxan, and Blond Woods",2600,312,150,120,2,10,250,844,1344
,,105,ULTRA MALE BY JEAN PAUL GAULTIER,J.P.G,Sensula,Men,Winter & Autumn,Evening / Night,"Pear, Lavender, Mint, Bergamot, and Lemon","Cinnamon, Clary Sage, and Caraway","Black Vanilla Husk, Amber, Patchouli, and Cedar",2600,312,150,120,2,10,250,844,1344
,,106,BRUT,,Farhan,Men,All Seasons,DAY & NIGHT,"Lavender, Anise, Bergamot, Basil, Lemon","Geranium, Ylang-Ylang, Jasmine","Oakmoss, Patchouli, Vanilla, Sandalwood, Tonka Bean",2550,306,150,120,2,10,250,838,1338
,,107,KHAMRAH BY LATTAFA, LATTAFA,Sensula,Unisex,Winter & Autumn,Evening / Night,"Cinnamon, Nutmeg, and Bergamot","Praline, Tuberose, and Mahonial","Vanilla, Tonka Bean, Amberwood, Benzoin, and Myrrh",2550,306,150,120,2,10,250,838,1338
,,108,MADAWI BY ARABIAN OUD,ARABIAN OUD,Sensula,Unisex,All Seasons,Evening / Night,Peach and Apple Blossom,Pineapple Blossom,"Wild Rose, Musk, and Patchouli",2550,306,150,120,2,10,250,838,1338
,,109,MERCEDES BENZ BY MERCEDES BENZ,MERCEDES BENZ,Sensula,,,,,,,2550,306,150,120,2,10,250,838,1338
,,110,BLACK OPIUM BY YVES SAINT LAURENT,YVES SAINT LAURENT,TRS Chem,Women,Winter &  Autumn,Evening / Night,"Pear, Pink Pepper, Orange Blossom","Black Coffee, Jasmine, Bitter Almond, Licorice","Vanilla, Patchouli, Cashmere Wood, Cedar",2500,300,150,120,2,10,250,832,1332
,,111,EROS BY VERSACE ,VERSACE ,Farhan,Men,All Seasons,Evening / Night,"Mint, Green Apple, and Italian Lemon","Tonka Bean, Ambroxan, and Geranium","Madagascar Vanilla, Virginian Cedar, Atlas Cedar, Vetiver, and Oakmoss",2500,300,150,120,2,10,250,832,1332
,,112,JANAN PLATINIUM BY J.,J.,Hussaini,Men,All Seasons,DAY & NIGHT,"Bergamot, Petitgrain, and Ginger","Aromatic Tea, Geranium, and Incense","Guaiac Wood, Ambroxan, and Musk",2500,300,150,120,2,10,250,832,1332
,,113,RULER BY J.,J.,Hussaini,Men,All Seasons,DAY & NIGHT,"Violet Leaves, Cardamom, and Pink Pepper","Rose, Lavender, and Lily of the Valley","Amber, Cedarwood, Musk, and Vanilla",2500,300,150,120,2,10,250,832,1332
,,114,JAGUAR CLASSIC GOLD BY JAGUAR,JAGUAR,Hussaini,Men,All Seasons,DAY & NIGHT,"Apple, Bergamot, and Lime",Orange Blossom and Teak Wood,"Vanilla, Patchouli, and Musk",2500,300,150,120,2,10,250,832,1332
,,115,OPIUM BLACK BY YVES SAINT LAURENT,YVES SAINT LAURENT,Hussaini,Women,Winter & Autumn,Evening / Night,"Pear, Pink Pepper, and Orange Blossom","Coffee, Jasmine, Bitter Almond, and Licorice","Vanilla, Patchouli, Cashmere Wood, and Cedar",2500,300,150,120,2,10,250,832,1332
,,116,ROYAL MARRIAGE BY BN PERFUMES,BN PERFUMES,Hussaini,,,,,,,2500,300,150,120,2,10,250,832,1332
,,117,SHAMAMA TUL AMBER ,,Sensula,Unisex,Winter & Autumn,Evening / Night,"Spicy Saffron, Herbal Accords, and Cardamom","Exotic Rose, Sweet Jasmine, and Rich Amber","Musk, Sandalwood, Agarwood (Oud), and Patchouli",2500,300,150,120,2,10,250,832,1332
,,118,ZAM ZAM,,Hussaini,,,,,,,2500,300,150,120,2,10,250,832,1332
,,119,BLACK COFFEE,,Hussaini,,,,,,,2400,288,150,120,2,10,250,820,1320
,,120,BRIGHT CRYSTAL BY VERSACE,VERSACE,TRS Chem,Women,Spring & Summer,Day Time,"Yuzu (Japanese Citrus), Pomegranate, Ice","Peony, Lotus, Magnolia","Musk, Mahogany, Amber",2400,288,150,120,2,10,250,820,1320
,,121,BURBERRY ELEMENT BY BURBERRY,BURBERRY,Farhan,Men,Spring & Summer,Day Time,Green Almond,Juniper Essence,"Mineral Notes, Ambergris, Oakmoss",2400,288,150,120,2,10,250,820,1320
,,122,CHARLI RED,,Hussaini,,,,,,,2400,288,150,120,2,10,250,820,1320
,,123,DESIRE BLACK BY ALFRED DUNHILL,DUNHILL,Sensula,Men,Winter & Autumn,Evening / Night,"Black Pepper, Bergamot, and Grapefruit","Saffron, Cypress, and Rose","Agarwood (Oud), Amber, Vetiver, and Oakmoss",2400,288,150,120,2,10,250,820,1320
,,124,DEVOTION POUR HOMME BY DOLCE & GABBANA,D&G,Hussaini,Men,"Spring, Winter &  Autumn",DAY & NIGHT,Italian Lemon,Coffee Accord,Patchouli,2400,288,150,120,2,10,250,820,1320
,,125,GOOD GIRL BY CAROLINA HARARE,CAROLINA HARARE,Hussaini,Women,Winter & Autumn,Evening / Night,"Almond, Coffee, Bergamot, and Lemon","Tuberose, Jasmine Sambac, Orris, Orange Blossom, and Bulgarian Rose","Tonka Bean, Cacao, Vanilla, Praline, Sandalwood, Amber, Musk, Cashmere Wood, Cinnamon, Patchouli, and Cedar",2400,288,150,120,2,10,250,820,1320
,,126,IMPERIAL OUD BY J.,J.,Hussaini,Men,Winter & Autumn,Evening / Night,Spicy and Warm Citrus Accords,"Vanilla, Leather, Amber, and Labdanum","Oud, White Musk, Patchouli, and Sandalwood",2400,288,150,120,2,10,250,820,1320
,,127,JANAN ORIGINAL BY J.,J.,Hussaini,Men,All Seasons,Day Time,"Bergamot, Blackberry, Red Apple, and Pineapple","Jasmine, Rose, and Birch","Leather, Oakmoss, and Musk",2400,288,150,120,2,10,250,820,1320
,,128,OUD QADEEM BY J.,J.,Farhan,Men,Winter & Autumn,Evening / Night,Saffron and Spicy Notes,Egyptian Balsam and Woody Notes,Agarwood (Oud) and Deep Woods,2400,288,150,120,2,10,250,820,1320
,,129,J'ADORE BY DIOR,DIOR,TRS Chem,Women,All Seasons,DAY & NIGHT,"Pear, Melon, Magnolia, Peach, Mandarin, and Bergamot","Jasmine, Lily of the Valley, Tuberose, Freesia, Rose, Orchid, and Plum","Musk, Vanilla, Blackberry, and Cedar",2400,288,150,120,2,10,250,820,1320
,,130,JAGUAR CLASSIC SILVER BY JAGUAR,JAGUAR,Hussaini,Men,Spring & Summer,Day Time,"Star Anise, Juniper Berries, Orange, Bergamot, Mandarin, and Basil","Ginger, Lotus, and Orange Blossom","White Musk, Sandalwood, and Benzoin",2400,288,150,120,2,10,250,820,1320
,,131,KIRKE BY TIZIANA TERENZI,,Sensula,Unisex,All Seasons,DAY & NIGHT,"Passionfruit, Peach, Pear, Raspberry, Cassis (Blackcurrant), and Sand",Lily-of-the-Valley,"Musk, Vanilla, Sandalwood, Patchouli, and Heliotrope",2400,288,150,120,2,10,250,820,1320
,,132,LAFAYETTE STREET BY BOND NO-9,BOND NO-9,Sensula,Unisex,All Seasons,DAY & NIGHT,"Bergamot, Coriander, and Fresh Floral Accords","Apple, Ambroxan, and Vanilla","Tonka Bean, Ambergris, and Woodsy Notes",2400,288,150,120,2,10,250,820,1320
,,133,SANTAL 33 BY LE LABO - PRM ,LE LABO,Hussaini,Unisex,All Seasons,DAY & NIGHT,"Cardamom, Iris, and Violet","Australian Sandalwood, Papyrus, and Cedarwood","Leather, Amber, and Musk",2400,288,150,120,2,10,250,820,1320
,,134,TUSCAN LEATHER BY TOM FORD ,TOM FORD,Hussaini,Unisex,Winter & Autumn,Evening / Night,"Raspberry, Saffron, and Thyme",Olibanum (Frankincense) and Night-Blooming Jasmine,"Leather, Black Suede, Woody Notes, and Amber",2400,288,150,120,2,10,250,820,1320
,,135,GUCCI GUILTY WOMEN,GUCCI,TRS Chem,,,,,,,2320,278.4,150,120,2,10,250,810.4,1310.4
,,136,212 MEN NYC BY CAROLINA HARARE,CAROLINA HARARE,Hussaini,Men,Spring & Summer,Day Time,"Green Notes, Grapefruit, Spices, Bergamot, Lavender, Petitgrain","Ginger, Gardenia, Violet, Sage","Musk, Sandalwood, Incense, Vetiver, Guaiac Wood",2300,276,150,120,2,10,250,808,1308
,,137,ARMANI MANIA POUR HOMME BY ARMANI,GIORGIO ARMANI,Farhan,Men,Spring & Summer,Day Time,"Mandarin Orange, Saffron, and Citrus Leaves","Cedar and Vetiver (giving it a dry, woody feel)",Musk and Amber,2300,276,150,120,2,10,250,808,1308
,,138,AVENTUS BY CREED,CREED,Sensula,Men,All Seasons,DAY & NIGHT,"Pineapple, Bergamot, Black Currant, Apple","Birch (Smoky), Patchouli, Moroccan Jasmine, Rose","Musk, Oakmoss, Ambergris, Vanilla",2300,276,150,120,2,10,250,808,1308
,,139,LIBRE BY YVES SAINT LAURENT,YVES SAINT LAURENT,Hussaini,Women,All Seasons,DAY & NIGHT,"French Lavender, Mandarin Orange, Black Currant, and Petitgrain","Moroccan Orange Blossom, Lavender, and Jasmine","Madagascar Vanilla, Musk, Cedar, and Ambergris",2300,276,150,120,2,10,250,808,1308
,,140,POISON RED,,Hussaini,Women,Winter & Autumn,Evening / Night,,,,2300,276,150,120,2,10,250,808,1308
,,141,PURE BLACK,,Farhan,Men,Winter & Autumn,Evening / Night,"Sandlewood, Lavender, and Citrus","Nutmeg, Coriander, and Juniper","Leather, Patchouli, and Amber",2300,276,150,120,2,10,250,808,1308
,,142,WHITE BY LACOSTE,LACOSTE,TRS Chem,Men,Spring & Summer (High),Day Time,"Grapefruit, Rosemary, and Cardamom",Ylang-Ylang and Tuberose,"Suede, Virginia Cedar, Leather, and Vetiver",2260,271.2,150,120,2,10,250,803.2,1303.2
,,143,POLO SPORTS BY RALPH LAUREN, RALPH LAUREN,Farhan,Men,Spring & Summer,Day Time,"Mint, Aldehydes, Lavender, Bergamot, Mandarin Orange, and Lemon","Seagrass, Ginger, Jasmine, Geranium, and Cyclamen","Musk, Sandalwood, Cedar, Guaiac Wood, and Amber",2250,270,150,120,2,10,250,802,1302
,,144,ALLURE HOMME SPORTS BY CHANEL,CHANEL,Hussaini,Unisex,Spring & Summer (Heat & Humid),Day Time,"Orange, Sea Notes, Aldehydes, Blood Mandarin","Pepper, Neroli and Cedar","Tonka Bean, Vanila, White Musk, Amber, Vetiver and Elemi Resin",2200,264,150,120,2,10,250,796,1296
,,145,BLACK CODE BY ARMANI ,GIORGIO ARMANI,Hussaini,Men,Winter & Autumn,Evening / Night,Lemon & Bergamot,"Star Anise, Olive Blossom, Guaiac Wood","Leather, Tobacco, Tonka Bean",2200,264,150,120,2,10,250,796,1296
,,146,ETERNITY NO 1 (Inspired By cK),CALVIN KLEIN,Hussaini,Men,All Seasons,Day Time,"Lavender, Lemon, and Bergamot","Sage, Juniper Berries, and Basil","Sandalwood, Rosewood, and Amber",2200,264,150,120,2,10,250,796,1296
,,147,FENDI LIFE BY FENDI,FENDI,Hussaini,Unisex,Spring & Summer,Day Time,"Lemon, Bergamot, Cardamom, Coriander, and Mandarin Orange","Cypress, West Indian Bay, Geranium, and Jasmine","Sandalwood, Cedar, and Oakmoss",2200,264,150,120,2,10,250,796,1296
,,148,GUCCI INTENSE OUD (BY GUCCI),GUCCI,Farhan,Unisex,Winter & Autumn,Evening / Night,,,,2200,264,150,120,2,10,250,796,1296
,,149,HUGO DARK BLUE BY HUGO BOSS,HOGO BOSS,Farhan,Men,"Spring, Winter &  Autumn",Evening / Night,"Ginger, Lime, Grapefruit, Orange, and Lemon","Cypress, Geranium, Sage, Mahogany, and Cardamom","Vanilla, Cedar, Benzoin, Vetiver, and Patchouli",2200,264,150,120,2,10,250,796,1296
,,150,EXCLUSIVE BY J.,J.,Hussaini,Men,All Seasons,DAY & NIGHT,Citrus and Lavender,Patchouli and Woody Accords,"Vanilla, Amber, and Musk",2200,264,150,120,2,10,250,796,1296
,,151,INSPIRE BY J.,J.,Hussaini,Women,Spring & Summer,Day Time,Fruity Accords (Peach and Red Berries),"Jasmine, Peony, and Rose",Musk and Light Woods,2200,264,150,120,2,10,250,796,1296
,,152,SPARK BY J.,J.,Hussaini,Men,Spring & Summer,Day Time,"Grapefruit, Rosemary, Cardamom, and Cedar Needles",Ylang-Ylang and Tuberose,"Virginia Cedar, Leather, Suede, and Vetiver",2200,264,150,120,2,10,250,796,1296
,,153,VOCAL BY J.,J.,Hussaini,Men,All Seasons,DAY & NIGHT,"Bergamot, Blackcurrant, Apple, and Mandarin","Marine Notes, Lavender, Jasmine, Geranium, and Freesia","Sandalwood, Vetiver, Patchouli, Leather, and Ambergris",2200,264,150,120,2,10,250,796,1296
,,154,ZARAR GOLD BY J.,J.,Hussaini,,,,,,,2200,264,150,120,2,10,250,796,1296
,,155,NOIR BY TOM FORD ,TOM FORD ,Hussaini,Men,Winter & Autumn,Evening / Night,"Violet, Pink Pepper, Caraway, Bergamot, and Verbena","Tuscan Iris, Bulgarian Rose, Black Pepper, Nutmeg, and Clary Sage","Indonesian Patchouli, Amber, Vanilla, Leather, Civet, and Benzoin",2200,264,150,120,2,10,250,796,1296
,,156,OFFICE FOR MEN BY JEREMY FRAGRANCE,JEREMY FRAGRANCE,Hussaini,Men,All Seasons,Day Time,"Ambroxan, Bergamot, and Orris Root","Woody Notes, Floral Notes, Ambergris, Jasmine, and Amber","Woody Notes, Musk, Patchouli, and Cashalox",2200,264,150,120,2,10,250,796,1296
,,157,POEME BY LANCOME,LANCOME,Farhan,Women,Spring & Winter,DAY & NIGHT,Himalayan Blue Poppy,"Mimosa, Narcissus, Orange Blossom, and Freesia","Vanilla, Datura, and Leather",2200,264,150,120,2,10,250,796,1296
,,158,RAIN DROP'S BY AJMAL,AJMAL,Hussaini,Women,Spring & Summer,Day Time,Fruity and Floral Notes,Floral Notes (Jasmine and Rose),Woodsy Notes and Ambergris,2200,264,150,120,2,10,250,796,1296
,,159,ROMANCE CL MEN BY CREATION LAMIS, CREATION LAMIS,Hussaini,Men,Spring & Summer,Day Time,"Orange, Ginger, Lavender, and Ginseng","Cardamom, Basil, Saffron, and Lily","Pine Tree, Oakmoss, Vetiver, and Musk",2200,264,150,120,2,10,250,796,1296
,,160,ROSE MARRY,,Hussaini,Unisex,Winter & Autumn,Evening / Night,Bergamot and Citrus,"Rose, Violet, and Patchouli","Oud, Amber, and Musk",2200,264,150,120,2,10,250,796,1296
,,161,SAFARI BY RALPH LAUREN,RALPH LAUREN,Hussaini,Men,"Spring, Winter &  Autumn",DAY & NIGHT,"Lavender, Bergamot, Aldehydes, Coriander, Artemisia, and Lemon","Carnation, Cinnamon, Tarragon, Rose, and Jasmine","Leather, Oakmoss, Sandalwood, Patchouli, and Cedar",2200,264,150,120,2,10,250,796,1296
,,162,THE ONE BY DOLCE & GABBANA (D&G),D&G,Hussaini,Men,Winter & Autumn,Evening / Night,"Coriander, Basil, and Grapefruit","Ginger, Orange Blossom, and Cardamom","Amber, Tobacco, and Cedar",2200,264,150,120,2,10,250,796,1296
,,163,UDV BY URLIC DE VARENS,URLIC DE VARENS,Hussaini,Men,Spring & Summer,Day Time,"Lemon, Tangerine, Mint, Sage, and Artemisia","Rosemary, Galbanum, and Vetiver","Jasmine, Patchouli, Oakmoss, and Musk",2200,264,150,120,2,10,250,796,1296
,,164,LIGHT BLUE BY D&G (BY DOLCE & GABBANA),D&G,Sensula,Women,Spring & Summer,Day Time,"Sicilian Lemon, Apple, Cedar, and Bellflower","Bamboo, Jasmine, and White Rose","Cedar, Musk, and Amber",2160,259.2,150,120,2,10,250,791.2,1291.2
,,165,BMW,,Sensula,Men,All Seasons,DAY & NIGHT,"Bergamot, Cardamom, Lemon","Ginger, Lavender, Sage","Leather, Cedarwood, Sandalwood",2150,258,150,120,2,10,250,790,1290
,,166,BLACK ORCHID BY TOM FORD,TOM FORD,Sensula,Unisex,Winter & Autumn,Evening / Night,"Truffle, Gardenia, Black Currant, Ylang-Ylang, Jasmine, Bergamot, Mandarin Orange","Orchid, Spices, Gardenia, Fruity Notes, Lotus","Mexican Chocolate, Patchouli, Vanille, Incense, Amber, Sandalwood, White Musk",2100,252,150,120,2,10,250,784,1284
,,167,ISSEY MIYAKE BY ISSEY MIYAKE,ISSEY MIYAKE,Sensula,,,,,,,2100,252,150,120,2,10,250,784,1284
,,168,MUKHALLAT BY SWISS ARABIAN,SWISS ARABIAN,Sensula,,,,,,,2100,252,150,120,2,10,250,784,1284
,,169,POPPY & BARLEY BY JO MALONE LONDON,JO MALONE,Sensula,Unisex,Spring & Summer,Day Time,"Blackcurrant, Violet, and Fig","Poppy, Powder Accord, and Rose","Barley, Bran, and White Musk",2100,252,150,120,2,10,250,784,1284
,,170,SILVER MUSK BY NASOMATTO,NASOMATTO,Farhan,Unisex,All Seasons,Day Time,"Bergamot, Lemon, and Thyme",Lily of the Valley and Neroli,"Guaiac Wood, Leather, Sandalwood, and a blend of ""Clean"" Musks",2100,252,150,120,2,10,250,784,1284
,,171,SHEIKH AL SHUYUKH BY LATTAFA,LATTAFA,Sensula,Unisex,Spring & Summer,Day Time,Agarwood (Oud) and Cedar,"Sage, Lavender, and Rosemary",Vetiver and Patchouli,2090,250.8,150,120,2,10,250,782.8,1282.8
,,172,AL THAIR BY PERFUMES DE MARLY,PERFUMES DE MARLY,Sensula,Unisex,Winter & Autumn,Evening / Night,"Cinnamon, Cardamom, Orange Blossom and Bergamot",Bourbon Vanilla and Elemi Resin,"Praline, Musk, Ambroxan, Guaiac Wood and Tonka Bean",2080,249.6,150,120,2,10,250,781.6,1281.6
,,173,COCO MADEMOISELLE BY CHANEL,CHANEL,Sensula,Women,All Seasons,DAY & NIGHT,"Orange, Mandarin Orange, Bergamot, and Orange Blossom","Turkish Rose, Jasmine, Mimosa, and Ylang-Ylang","Patchouli, White Musk, Vanilla, Vetiver, Tonka Bean, and Opoponax",2080,249.6,150,120,2,10,250,781.6,1281.6
,,174,ROYAL BLUE BY RASASI,RASASI,Sensula,Men,Spring & Summer,Day Time,"Sea Notes, Melon, Bergamot, and Galbanum","Lavender, Violet, Jasmine, and Rose","Musk, Sandalwood, Cedar, Patchouli, and Amber",2080,249.6,150,120,2,10,250,781.6,1281.6
,,175,BURBERRY HER BY BURBERRY,BURBERRY,Sensula,Women,Spring & Summer,Day Time,"Strawberry, Raspberry, Blackberry, Sour Cherry, Black Currant",Violet and Jasmine,"Musk, Amber, Cashmeran, Oakmoss",2050,246,150,120,2,10,250,778,1278
,,176,SHALIS BLUE BY REMY MARQUIS,REMY MARQUIS,Farhan,Men,All Seasons,Day Time,"Grapefruit, Apple, and Mandarin Orange",Lavender and Basil,"Sandalwood, Nutmeg, and Oakmoss",2050,246,150,120,2,10,250,778,1278
,,177,1 MILLION BY PACO RABANNE,PACO RABANNE,Farhan,Men,Winter & Autumn,Evening / Night,"Blood Mandarin, Grapefruit. Mint","Cinnamon, Spicy, Rose","Amber, Leather, Woody, Indian Patchouli",2000,240,150,120,2,10,250,772,1272
,,178,1881 SILVER NIGHT BY CURRAITI,CURRAITI,Hussaini,Men,Winter & Autumn,Night,"Yuzu(Japanese Citrus), Black Pepper","Rosemary, Jasmine","Oak Wood (Upcycled), Vetiver, Labdanum",2000,240,150,120,2,10,250,772,1272
,,179,AFSHAN BY RASASI,RASASI,Hussaini,Unisex,Spring & Slightly Cooler,DAY & NIGHT,"Floral Notes, Green Notes & Saffron","Ylang-Ylang, Rose, Spicy Notes","Amber, Musk, Cedar & Woody Notes",2000,240,150,120,2,10,250,772,1272
,,180,AMEER AL OUD BY RASASI,RASASI,Sensula,Unisex,"Winter, Autumn, Summer",Evening / Night,Agarwood (Oud) and Woody Notes,Vanilla and Sugar,"Agarwood (Oud), Sandalwood and Herbal Notes",2000,240,150,120,2,10,250,772,1272
,,181,AZZARO ACTEUR BY AZZARO,AZZARO,Hussaini,Men,Spring & Autumn,Evening / Night,"Fruity Notes, Nutmeg Flower (Mace), Bergamot, Cardamom","Rose, Carnation, Patchouli, Vetiver, Cedar, Jasmine","Leather, Oakmoss, Amber, Musk",2000,240,150,120,2,10,250,772,1272
,,182,BLUE JEANS BY VERSACE LIFESTYLE,VERSACE LIFESTYLE,Hussaini,Men,Spring & Summer,Day Time,"Citrus (Bergamot/Lemon), Juniper, Anise, Basil","Lavender, Rose, Carnation, Jasmine, Sage","Vanilla, Tonka Bean, Sandalwood, Iris, Musk",2000,240,150,120,2,10,250,772,1272
,,183,BOSS ORANGE BY HUGO BOSS,HUGO BOSS,Hussaini,Women,Spring & Summer,Day Time,Red Apple and Bergamot,White Flowers and African Orange Flower,"Vanilla, Sandalwood, and Olive Tree.",2000,240,150,120,2,10,250,772,1272
,,184,DRAKKAR NOIR BY GUY LAROCHE,GUY LAROCHE,Farhan,Men,Winter & Autumn,Evening / Night,"Rosemary, Artemisia, Lavender, Basil, Lemon Verbena, Bergamot, and Lemon","Coriander, Carnation, Cinnamon, Juniper, and Jasmine","Leather, Sandalwood, Fir, Amber, Patchouli, Oakmoss, Vetiver, and Cedar",2000,240,150,120,2,10,250,772,1272
,,185,FOREVER RED BY BATH & BODY WORKS,BATH & BODY WORKS,Hussaini,Women,Winter & Autumn,Evening / Night,"Pomegranate, Peach, and Apple","Red Peony, Osmanthus, and Marigold","Vanilla Rum, Marshmallow, and Oak",2000,240,150,120,2,10,250,772,1272
,,186,GHILAF-E-KAABA BY AL REHAB,AL REHAB,Hussaini,Unisex,All Seasons,DAY & NIGHT,Black Musk and Rose,Saffron and Amber,Pure Dehn al Oud and Sandalwood,2000,240,150,120,2,10,250,772,1272
,,187,GUCCI BAMBOO BY GUCCI,GUCCI,Hussaini,Women,Spring & Summer,Day Time,Bergamot,"Casablanca Lily, Ylang-Ylang, and Orange Blossom","Sandalwood, Tahitian Vanilla, and Amber",2000,240,150,120,2,10,250,772,1272
,,188,GUCCI GUILTY MEN,GUCCI,Hussaini,,,,,,,2000,240,150,120,2,10,250,772,1272
,,189,HAWAS ICE BY RASASI,RASASI,Hussaini,Men,Spring & Summer,Day Time,"Frozen Apple, Italian Bergamot, Sicilian Lemon, and Star Anise","Plum, Orange Blossom, and Cardamom","Ambergris, Musk, Driftwood, and Patchouli",2000,240,150,120,2,10,250,772,1272
,,190,HIJR-E-ASWAD BY INSAR OUD,INSAR OUD,Farhan,Unisex,Winter & Autumn,Evening / Night,"Saffron, Amber, and Smoky Incense","Agarwood (Oud), Taif Rose, and Jasmine","Musk, Sandalwood, and Resins",2000,240,150,120,2,10,250,772,1272
,,191,HOGO BOSS,HOGO BOSS,Hussaini,,,,,,,2000,240,150,120,2,10,250,772,1272
,,192,HUGO ENERGISE MEN BY HUGO BOSS,HOGO BOSS,Hussaini,Men,Spring & Summer,Day Time,"Pink Pepper, Mandarin Orange, Kumquat, Mint, and Pineapple","Jasmine, Nutmeg, Juniper, and Freesia","Leather, Teak Wood, and Vanilla",2000,240,150,120,2,10,250,772,1272
,,193,INVICTUS BY PACCO RABANNE,PACCO RABANNE,Sensula,Men,Spring & Summer,Day Time,"Sea Notes, Grapefruit, and Mandarin Orange",Bay Leaf and Jasmine,"Ambergris, Guaiac Wood, Oakmoss, and Patchouli",2000,240,150,120,2,10,250,772,1272
,,194,EMERALD BY J.,J.,Hussaini,Women,All Seasons,Day Time,Sour Cherry and Fruity Notes,"Marshmallow, Almond, and Sweet Notes",Woody Notes and Sandalwood,2000,240,150,120,2,10,250,772,1272
,,195,ESSENCE FOR HER BY J.,J.,Hussaini,Women,All Seasons,Day Time,Freesia and Peony,Rose and Lily of the Valley,"Sandalwood, Amber, and Musk",2000,240,150,120,2,10,250,772,1272
,,196,SAFEER BY J.,J.,Hussaini,Men,Winter & Autumn,Evening / Night,"Vibrant yet elegant, Floral & Fruity",honey and woody,Musk and Amber,2000,240,150,120,2,10,250,772,1272
,,197,SHAHEER BY J.,J.,Hussaini,Men,All Seasons,DAY & NIGHT,"Fresh Citrus, Bergamot, and Fruity Accords","Lavender, Geranium, and Warm Spices","Cedarwood, Oakmoss, Amber, and Musk",2000,240,150,120,2,10,250,772,1272
,,198,VOYAGER BY J.,J.,Hussaini,Men,Spring & Summer,Day Time,"Violet Leaves, Plum, Pineapple, Melon, Blackcurrant, Grapefruit, Lemon, and Bergamot Lime","Lavender, Jasmine, Iris, and Lily of the Valley","Cedarwood, Sandalwood, Tonka Bean, Amber, and White Musk",2000,240,150,120,2,10,250,772,1272
,,199,WASIM AKRAM 502 BY J.,J.,Hussaini,Men,All Seasons,DAY & NIGHT,"Cardamom, Red Apple, and Sweet Orange","Juniper Berries, Lavender, and Clary Sage","Patchouli, Oakmoss, Amber, and New Ambertonic",2000,240,150,120,2,10,250,772,1272
,,200,JACOMO BY JACOMO PARIS,JACOMO,Farhan,Men,Winter & Autumn,Evening / Night,"Galbanum, Lavender, Basil, Rosemary, and Cardamom","Clove, Cinnamon, Cumin, Geranium, and Iris","Patchouli, Oakmoss, Leather, Amber, and Cedar",2000,240,150,120,2,10,250,772,1272
,,201,JANAT-UL-FIRDOUS,,Hussaini,Unisex,All Seasons,Day Time,"Basil, Bergamot, Lemon, and Fresh Green Accords","Jasmine, Geranium, Iris, and Clove","Sandalwood, Musk, Oakmoss, and Patchouli",2000,240,150,120,2,10,250,772,1272
,,202,JASMINE BY MONTALE PARIS,MONTALE,Farhan,Unisex,Spring & Summer,Evening / Night,"Jasmine, Honeysuckle, and Orange Blossom",,,2000,240,150,120,2,10,250,772,1272
,,203,LEGEND BY MONTBLANC,MONTBLANC,Hussaini,Men,All Seasons,Day Time,"Lavender, Bergamot, Pineapple Leaf, and Verbena","Oakmoss (Evernyl), Coumarin, Geranium, Rose, and Red Apple",Sandalwood and Tonka Bean,2000,240,150,120,2,10,250,772,1272
,,204,MEN IN BLACK BY BVLGARI,BVLGARI,Hussaini,Men,Winter & Autumn,Evening / Night,"Natural Rum, Tobacco, and Vibrant Spices","Leather, Iris Absolute, and Tuberose","Guaiac Wood, Benzoin, and Tonka Bean",2000,240,150,120,2,10,250,772,1272
,,205,OLYMPIA WOMEN BY PACCO RABANNE,PACCO RABANNE,Sensula,Women,All Seasons,DAY & NIGHT,"Water Jasmine, Green Mandarin, and Ginger Flower",Vanilla and Salt,"Ambergris, Cashmere Wood, and Sandalwood",2000,240,150,120,2,10,250,772,1272
,,206,POISON COBRA BY JEANNE ARTHES,JEANNE ARTHES,Hussaini,Women,Winter & Autumn,Evening / Night,"Aldehydes, Orange, Tangerine, and Tagetes","Tuberose, Spices, Jasmine, Orange Blossom, and Red Berries","Sandalwood, Vanilla, Musk, Vetiver, and Cedar",2000,240,150,120,2,10,250,772,1272
,,207,SO SEXY BY VICTORIA SECRET,VICTORIA SECRET,Sensula,Women,All Seasons,Day Time,Fruity Accords (Crisp Apple and Bergamot),Whipped Cream (Chantilly Cream),Vanilla and Soft Woods,2000,240,150,120,2,10,250,772,1272
,,208,TAIBA BY SAEED GHANI,SAEED GHANI,Hussaini,Unisex,All Seasons,Evening / Night,Rose and Jasmine,Sandalwood and Woody Notes,"Musk, Rose, and Agarwood (Oud)",2000,240,150,120,2,10,250,772,1272
,,209,WHITE GOLD BY LATAFFA,LATAFFA,Hussaini,Unisex,Spring & Summer,Day Time,Bergamot and Orange Blossom,"Lavender, Nutmeg, Pink Pepper, and Geranium","Agarwood (Oud), Vetiver, and Tonka Bean",2000,240,150,120,2,10,250,772,1272
,,210,WISAL BY AJMAL,AJMAL,Sensula,Unisex,All Seasons,DAY & NIGHT,Fresh Floral (Rose),Spicy Floral (Saffron and Geranium),Musky Woody (Sandalwood and Musk),2000,240,150,120,2,10,250,772,1272
,,211,AMBER VANILLA BY LAURA MERCIER,LAURA MERCIER,Sensula,Unisex,Winter & Autumn,DAY & NIGHT,Orchid and Papaya,Heliotrope and Apricot,"Vanilla, Brown Sugar, Amber and Sandalwood",1960,235.2,150,120,2,10,250,767.2,1267.2
,,212,DIRHAM BY ARD AL ZAFRAN,ARD AL ZAFRAN,Sensula,Unisex,Spring & Summer,Day Time,"Bergamot, Citrus, and Cardamom","Lavender, Jasmine, and Rose","Sandalwood, Cedar, and Vetiver",1950,234,150,120,2,10,250,766,1266
,,213,SANDALWOOD BY ELIZABETH ARDEN,ELIZABETH ARDEN,Sensula,Men,All Seasons,Day Time,"Lavender, Clary Sage, Lemon, Bergamot, and Petitgrain","Sandalwood, Basil, Cedar, Geranium, Vetiver, and Patchouli","Oakmoss, Opoponax, Amber, Labdanum, Tonka Bean, and Musk",1950,234,150,120,2,10,250,766,1266
,,214,FAWAKEY BY AL REHAB,AL REHAB,Sensula,Unisex,All Seasons,Day Time,Exotic Tropical Fruits and Mango,Strawberry and Citrus,White Musk and Soft Spices,1930,231.6,150,120,2,10,250,763.6,1263.6
,,215,HUGO ENERGISE MEN BY HUGO BOSS,HOGO BOSS,Sensula,Men,Spring & Summer,Day Time,"Pink Pepper, Mandarin Orange, Kumquat, Mint, and Pineapple","Jasmine, Nutmeg, Juniper, and Freesia","Leather, Teak Wood, and Vanilla",1930,231.6,150,120,2,10,250,763.6,1263.6
,,216,ANGEL BY THIERRY MUGLER,THIERRY MUGLER,Farhan,Women,Winter & Autumn,Evening / Night,"Cotton Candy, Coconut, Cassis, Melon, Jasmine, Bergamot & Pineapple","Honey, Red Berries, Blackberry, Plum, Apricot, Peach, Orchid and Rose",,1900,228,150,120,2,10,250,760,1260
,,217,BOSS PURE BY HUGO BOSS,HUGO BOSS,Hussaini,Unisex,Summer (High Heat),Day Time,"Lemon, Mandarin Orange, Fig, Grapefruit",Hyacinth and Lily-of-the-Valley,Massoia Wood,1900,228,150,120,2,10,250,760,1260
,,218,BRUT MUSK,,Hussaini,Men,Winter & Autumn,Evening / Night,Citrus & Spices,Musk & Amber,Woody Notes,1900,228,150,120,2,10,250,760,1260
,,219,BVLGARI AQVA POUR HOMME BY BVLGARI,BVLGARI,Sensula,Men,Summer,Day Time,"Mandarin, Orange, Petitgrain","Seaweed (Posidonia Oceanica), Lavender & Cotton Flower","Virginia Cedar & Patchouli, Amber & Clary Sage",1900,228,150,120,2,10,250,760,1260
,,220,GUCCI FLORA GORGEOUS GARDENIA BY GUCCI,GUCCI,Sensula,Women,Spring & Summer,Day Time,"Pear Blossom, Red Berries, and Italian Mandarin","White Gardenia, Jasmine Sambac, and Frangipani",Brown Sugar and Patchouli,1900,228,150,120,2,10,250,760,1260
,,221,LEGEND BY MONTBLANC,MONTBLANC,Farhan,Men,All Seasons,Day Time,"Lavender, Bergamot, Pineapple Leaf, and Verbena","Oakmoss (Evernyl), Coumarin, Geranium, Rose, and Red Apple",Sandalwood and Tonka Bean,1900,228,150,120,2,10,250,760,1260
,,222,OCEAN DREAM,,Hussaini,Women,Summer,Day Time,Orange Blossom and Marine (Sea) Notes,"Water Lily, Heliotrope, and Jasmine","Musk, Sandalwood, Vanilla, and Cedar",1900,228,150,120,2,10,250,760,1260
,,223,OPEN BY ROGER & GALLET,ROGER & GALLET,Sensula,Men,All Seasons,Day Time,"Amalfi Lemon, Bergamot, and Lavender",Thyme and Sage,"Tobacco, Vetiver, and Patchouli",1900,228,150,120,2,10,250,760,1260
,,224,SKY,,Hussaini,,,,,,,1900,228,150,120,2,10,250,760,1260
,,225,STRONGER WITH YOU BY EMPORIOE ARMANI,EMPORIOE ARMANI,TRS Chem,Men,Winter & Autumn,Evening / Night,"Cardamom, Pink Pepper, Violet Leaf, and Mint","Pineapple, Cinnamon, Melon, Sage, and Lavender","Vanilla, Chestnut, Amberwood, Cedar, and Guaiac Wood",1900,228,150,120,2,10,250,760,1260
,,226,VERSACE BRIGHT CRYSTAL BY VERSACE,VERSACE,Sensula,Women,Spring & Summer,Day Time,"Yuzu (Japanese Citron), Pomegranate, and Ice Accord","Peony, Lotus, and Magnolia","Musk, Mahogany, and Amber",1900,228,150,120,2,10,250,760,1260
,,227,TOBACCO VANILLE BY TOM FORD,TOM FORD,Sensula,Unisex,"Winter, Autumn & Summer",Evening / Night,Tobacco Leaf and Spicy Notes,"Vanilla, Cacao, Tonka Bean, and Tobacco Blossom",Dried Fruits and Woody Notes,1820,218.4,150,120,2,10,250,750.4,1250.4
,,228,212 MEN BY CAROLINA HARARE,CAROLINA HARARE,Hussaini,Men,Spring & Summer,Day Time,"Green Notes, Grapefruit, Spices, Bergamot, Lavender, Petitgrain","Ginger, Gardenia, Violet, Sage","Musk, Sandalwood, Incense, Vetiver, Guaiac Wood",1800,216,150,120,2,10,250,748,1248
,,229,212 SEXY MEN BY CAROLINA HERRERA,CAROLINA HARARE,Hussaini,Men,Winter & Autumn,Evening / Night,"Mandarin Orange, Bergamot, Green Notes","Cardamom, Black Pepper, Floral Notes","Vanilla, Guaiac Wood, Sandalwood, Amber, Musk",1800,216,150,120,2,10,250,748,1248
,,230,212 SEXY WOMEN BY CAROLINA HERRERA,CAROLINA HARARE,Hussaini,Women,Winter & Autumn,Evening / Night,"Pink Pepper, Mandarin Orange, Bergamot","Cotton Candy, Gardenia, Flowers, Pelargonium, Rose","Vanilla, Musk, Sandalwood, Caramel, Patchouli, Violet",1800,216,150,120,2,10,250,748,1248
,,231,ACQUA DI GIO BY GIORGIO ARMANI,GIORGIO ARMANI,Sensula,Men,Spring & Summer,Day Time,"Lime, Lemon, Bergamot, Jasmine, Orange, Mandarin Orange, and Neroli","Sea Notes, Jasmine, Calone, Peach, Freesia, Rosemary, Hyacinth, 
Cyclamen, Coriander, Violet, and Nutmeg","White Musk, Cedar, Oakmoss, Patchouli, and Amber.",1800,216,150,120,2,10,250,748,1248
,,232,AXE,,Hussaini,Men,Spring & Summer,Day Time,"Lavender, Geranium, Citrus","Violet, Earthy Soil notes","Musk, Sandalwood",1800,216,150,120,2,10,250,748,1248
,,233,AXE CHOCLATE,,Hussaini,Men,Winter & Autumn,Evening / Night,"Pear, Ginger, Coriander, Cherry","Dark Chocolate, Red Peppercorn, Sage, Whipped Cream","Amber, Patchouli, Vanilla, Musk",1800,216,150,120,2,10,250,748,1248
,,234,BLUE LADY BY RASASI,RASASI,Farhan,Women,Spring & Winter,Day Time,"Tuberose, Ylang-Ylang, African Orange Flower, Violet Leaf","Jasmine, Plum, Narcissus, Peach","Sandalwood, Vanille, Musk, Amber, Vetyver",1800,216,150,120,2,10,250,748,1248
,,235,BLUE MEN BY RASASI,RASASI,Hussaini,Men,Summer,Day Time,Mint & Spices,Styly: Aromatic & Spicy,,1800,216,150,120,2,10,250,748,1248
,,236,BLUE SEA BY LATTAFA,LATTAFA,Hussaini,Men,Spring & Summer,Day Time,"Sea Water, Grapefruit, Lime","Seaweed, Calone, Rosemary","Ambergris, Musk, Cedar",1800,216,150,120,2,10,250,748,1248
,,237,BOMBSHELL BY VICTORIA SECRET,VICTORIA SECRET,Sensula,Women,Spring & Summer,Day Time,"Passion Fruit, Grapefruit, Pineapple, Tangerine, Big Strawberry","Peony, Vanilla Orchid, Red Berries, Jasmine, Lily-of-the-Valley","Musk, Woody Notes, Oakmoss",1800,216,150,120,2,10,250,748,1248
,,238,CHESTITY BY RASASI,RASASI,Hussaini,Men,Spring & Summer,Day Time,Tangerine & Lime,Pepper,Musk & Patchouli,1800,216,150,120,2,10,250,748,1248
,,239,DAVID BECKHAM,,Hussaini,,,,,,,1800,216,150,120,2,10,250,748,1248
,,240,FOGG BLACK,,Hussaini,,,,,,,1800,216,150,120,2,10,250,748,1248
,,241,GUCCI BLOOM INTENSE BY GUCCI,GUCCI,Farhan,Women,All Seasons,Evening / Night,"Ginger, Pear, and Mandarin Orange","Tuberose, Jasmine Sambac, Rangoon Creeper, and Orange Blosso","Patchouli, Moss, and Coconut",1800,216,150,120,2,10,250,748,1248
,,242,GUCCI ENVY ME BY GUCCI,GUCCI,Hussaini,Women,Spring & Summer,Day Time,"Peony, Pink Pepper, Pineapple, Jasmine, Mango, Peach, and Cassia","Peony, Litchi, Rose, Pomegranate, Musk, White Tea, and Jasmine","Musk, Tobacco, Teak Wood, Sandalwood, and Tonka Bean",1800,216,150,120,2,10,250,748,1248
,,243,HERRERA FOR MEN BY CAROLINA HERRERA,CAROLINA HERRERA,Hussaini,Men,All Seasons,Day Time,"Rosemary, Lavender, Lemon, and Neroli","Cloves, White Pepper, and Geranium","Tobacco, Sandalwood, and Ambergris",1800,216,150,120,2,10,250,748,1248
,,244,HUGO DEEP RED BY HUGO BOSS,HOGO BOSS,Hussaini,Women,Winter & Autumn,Evening / Night,"Blood Orange, Black Currant, Clementine, Pear, and Mandarin Orange","Ginger, Ginger Flower, Tuberose, Freesia, and Hibiscus","Vanilla, Sandalwood, Musk, and California Cedar",1800,216,150,120,2,10,250,748,1248
,,245,J.P.G WOMEN,J.P.G,Hussaini,,,,,,,1800,216,150,120,2,10,250,748,1248
,,246,JANAT-UL-NAEEM,,Hussaini,Unisex,Spring & Summer,Day Time,"Aldehydes, Bergamot, and Jasmine","Carnation, Iris, and Rose",Musk and Vetiver,1800,216,150,120,2,10,250,748,1248
,,247,JOOP JUMP BY JOOP,JOOP,Hussaini,Men,Spring & Summer,Day Time,"Grapefruit, Rosemary, and Caraway",Heliotrope and Coriander,"Frozen Vodka, Tonka Bean, Musk, and Vetiver",1800,216,150,120,2,10,250,748,1248
,,248,OCEAN BLUE BY ESCADA,ESCADA,Hussaini,Women,Summer,Day Time,"Plum, African Orange Flower, and Green Marine Notes","Jasmine, Rose, and Lily-of-the-Valley","Musk, Sandalwood, and Amber",1800,216,150,120,2,10,250,748,1248
,,249,POISON MIDNIGHT BY CHRISTIAN DIOR,DIOR,Hussaini,Women,Winter & Autumn,Evening / Night,Bergamot and Mandarin Orange,Black Rose,"Patchouli, Amber, and French Vanilla",1800,216,150,120,2,10,250,748,1248
,,250,PROPHECY BY PRINCE MATCHABELLI,PRINCE MATCHABELLI,Farhan,Men,All Seasons,Day Time,"Bergamot, Basil, Lemon, Lavender, and Anise","Geranium, Jasmine, and Ylang-Ylang","Sandalwood, Oakmoss, Patchouli, Vetiver, and Tonka Bean",1800,216,150,120,2,10,250,748,1248
,,251,ROMIO BY CREATION LAMIS, CREATION LAMIS,Hussaini,Men,Spring & Summer,Day Time,"Lemon, Bergamot, and Mint",Lavender and Geranium,"Sandalwood, Musk, and Amber",1800,216,150,120,2,10,250,748,1248
,,252,ROYAL BLACK BY RASASI,RASASI,Hussaini,Men,All Seasons,Day Time,Lavender and Geranium,Cedarwood and Cinnamon,"Patchouli, Oakmoss, Amber, and Musk",1800,216,150,120,2,10,250,748,1248
,,253,SILVER MOUNTAIN WATER BY CREED,CREED,Hussaini,Unisex,Spring & Summer,Day Time,"Bergamot, Mandarin Orange, and Neroli","Green Tea, Blackcurrant, and Ozonic Accord","Musk, Sandalwood, Petitgrain, and Galbanum",1800,216,150,120,2,10,250,748,1248
,,254,TOMMY GIRL BY TOMMY HILFIGER,TOMMY HILFIGER,Hussaini,Women,Spring & Summer,Day Time,"Apple Blossom, Camellia, Mandarin Orange, and Blackcurrant","Lemon, Honeysuckle, Rose, Lily, Violet, and Mint","Magnolia, Jasmine, Cedar, Sandalwood, and Leather",1800,216,150,120,2,10,250,748,1248
,,255,VERSACE DYLAN BLUE BY VERSACE,VERSACE,Hussaini,Men,All Seasons,DAY & NIGHT,"Calabrian Bergamot, Water Notes, Grapefruit, and Fig Leaf","Ambroxan, Black Pepper, Patchouli, Violet Leaf, and Papyrus","Incense, Musk, Tonka Bean, and Saffron",1800,216,150,120,2,10,250,748,1248
,,256,GUCCI RUSH FOR WOMEN (BY GUCCI),GUCCI,Sensula,Women,Winter & Autumn,Evening / Night,"Peach, Californian Gardenia, and African Freesia.","Coriander, Damask Rose, and Jasmine.","Patchouli, Natural Vanilla, and Vetiver.",1790,214.8,150,120,2,10,250,746.8,1246.8
,,257,POISON BY CHRISTIAN DIOR,DIOR,Sensula,Women,Winter & Autumn,Evening / Night,"Plum, Wild Berries, Coriander, Anise, and Brazilian Rosewood","Tuberose, Incense, White Honey, Cinnamon, Opoponax, Carnation, Jasmine, and Rose","Vanilla, Amber, Sandalwood, Musk, Heliotrope, and Vetiver",1780,213.6,150,120,2,10,250,745.6,1245.6
,,258,GUCCI RUSH MEN (BY GUCCI),GUCCI,Sensula,Men,Winter & Autumn,Evening / Night,,,,1770,212.4,150,120,2,10,250,744.4,1244.4
,,259,"""K"" BY DOLCE & GABBANA (D&G)",D&G,Sensula,Men,Spring & Summer,Day Time,"Blood Orange, Sicilian Lemon, Juniper Berries, and Citruses","Pimento (Chili Pepper), Clary Sage, Geranium, and Lavender","Cedar, Vetiver, and Patchouli",1750,210,150,120,2,10,250,742,1242
,,260,FENDI BY FENDI,FENDI,Sensula,,,,,,,1750,210,150,120,2,10,250,742,1242
,,261,RUMBA BY TED LAPIDUS,TED LAPIDUS,Farhan,Unisex,Winter & Autumn,Evening / Night,"Plum, Peach, Mirabelle (Plum), Orange Blossom, Basil, Bergamot, and Raspberry","Honey, Marigold, Tuberose, Carnation, Jasmine, Rose, Gardenia, and Orchid","Leather, Oakmoss, Plum, Ambergris, Sandalwood, Patchouli, Styrax, Musk, Tonka Bean, and Vanilla",1750,210,150,120,2,10,250,742,1242
,,262,SILVER OUD BY AMOUAGE,AMOUAGE,Sensula,Unisex,Winter & Autumn,Evening / Night,"Patchouli, Cypriol Oil (Nagarmotha), and Virginia Cedar",Assam Oud and Madagascar Vanilla,"Ambrarome, Castoreum, Birch, and Guaiac Wood",1730,207.6,150,120,2,10,250,739.6,1239.6
,,263,BOSS BOTTLED BY HUGO BOSS,HUGO BOSS,Sensula,Men,"Spring, Winter &  Autumn",Day Time,"Apple, Plum, Lemon, Bergamot, Oakmoss, Geranium","Cinnamon, Mahogany, Carnation","Vanilla, Sandalwood, Cedar, Vetiver, Olive Tree",1720,206.4,150,120,2,10,250,738.4,1238.4
,,264,OUD SUPREME BY POLO SUPREME,POLO SUPREME,Sensula,Men,Winter & Autumn,Evening / Night,"Spices, Elemi, and Chili Pepper","Cinnamon, Lavender, and Mint","Oud, Leather, Guaiac Wood, and Vanilla",1720,206.4,150,120,2,10,250,738.4,1238.4
,,265,AXE VERY HOT SEXY,,Hussaini,Men,Winter & Autumn,Evening / Night,"Mango, Guava (Tropical sweetness for an initial ""burst"")","Black Pepper, Chili (This provides the ""Hot"" spicy kick)","Amber, Woody notes, Patchouli (For a warm, lingering finish)",1700,204,150,120,2,10,250,736,1236
,,266,BLACK ICE (CREATION),,Sensula,,,,,,,1700,204,150,120,2,10,250,736,1236
,,267,CHARLI NEW,,Hussaini,,,,,,,1700,204,150,120,2,10,250,736,1236
,,268,SABAYA BY AL REHAB,AL REHAB,Sensula,Women,Spring & Summer,Day Time,"Citrus (Lemon/Grapefruit), Orange Blossom, and Green Notes","Rose, Lily of the Valley, and Tuberose",White Musk and Light Sandalwood,1700,204,150,120,2,10,250,736,1236
,,269,TOMMY BOY BY TOMMY HILFIGER,TOMMY HILFIGER,Hussaini,Men,Spring & Summer,Day Time,"Mint, Bergamot, Grapefruit, and Lavender","Granny Smith Apple, Cranberry, and Rose","Cotton Flower, Cactus, and Amber",1700,204,150,120,2,10,250,736,1236
,,270,SILVER MOUNTAIN WATER BY CREED,CREED,Sensula,Unisex,Spring & Summer,Day Time,"Bergamot, Mandarin Orange, and Neroli","Green Tea, Blackcurrant, and Ozonic Accord","Musk, Sandalwood, Petitgrain, and Galbanum",1680,201.6,150,120,2,10,250,733.6,1233.6
,,271,SULTAN BY AL REHAB,AL REHAB,Sensula,Men,Spring & Summer,Day Time,"Cedar, Juniper, and Bergamot","Cardamom, Sandalwood, and Lavender","White Musk, Vanilla, and Amber",1680,201.6,150,120,2,10,250,733.6,1233.6
,,272,AZZARO WANTED BY AZZARO,AZZARO,Sensula,Men,Spring & Autumn,Evening / Night,"Lemon, Ginger, Lavender, Mint","Apple, Juniper, Guatemalan Cardamom, Geranium","Tonka Bean, Amberwood, Haitian Vetiver",1660,199.2,150,120,2,10,250,731.2,1231.2
,,273,CIGAR BY REMY LATOUR,REMY LATOUR,Sensula,Men,Winter & Autumn,Evening / Night,"Plum, Pear, Pineapple, Bergamot","Bay Leaf, Marigold, Geranium, Jasmine","Tobacco, Patchouli, Sandalwood, Musk",1660,199.2,150,120,2,10,250,731.2,1231.2
,,274,DESIRE BY ALFRED DUNHILL,DUNHILL,Sensula,,,,,,,1660,199.2,150,120,2,10,250,731.2,1231.2
,,275,LACOSTE WHITE BY LACOSTE,LACOSTE,Sensula,Men,Spring & Summer,Day Time,"Grapefruit, Rosemary, and Cardamom",Ylang-Ylang and Tuberose,"Suede, Virginia Cedar, Leather, and Vetiver",1660,199.2,150,120,2,10,250,731.2,1231.2
,,276,BLEU DE CHANEL BY CHANEL,CHANEL,Sensula,Men,All Seasons,DAY & NIGHT,"Grapefruit, Lemon, Mint, Pink Pepper","Ginger, Nutmeg, Jasmine, Iso E Super","Incense, Cedar, Sandalwood, Patchouli, Labdanum",1650,198,150,120,2,10,250,730,1230
,,277,HAVOC SILVER BY MARYAJ,MARYAJ,Farhan,Unisex,All Seasons,DAY & NIGHT,Aldehydes and Green Notes,"Jasmine, Rose, and Lily of the Valley","Oakmoss, Musk, and Sandalwood",1650,198,150,120,2,10,250,730,1230
,,278,212 SEXY MEN BY CAROLINA HERRERA,CAROLINA HARARE,Sensula,Men,Winter & Autumn,Evening / Night,"Mandarin Orange, Bergamot, Green Notes","Cardamom, Black Pepper, Floral Notes","Vanilla, Guaiac Wood, Sandalwood, Amber, Musk",1630,195.6,150,120,2,10,250,727.6,1227.6
,,279,CK ONE BY CALVIN KLEIN,CALVIN KLEIN,Sensula,Unisex,Spring & Summer,Day Time,"Lemon, Green Notes, Bergamot, Pineapple, Mandarin Orange","Green Tea, Jasmine, Lily-of-the-Valley, Nutmeg.","Musk, Cedar, Sandalwood, Amber.",1620,194.4,150,120,2,10,250,726.4,1226.4
,,280,212 VIP MEN,,Hussaini,Men,Winter & Autumn,Evening / Night,"LimeCaviar, Passion Fruit, Frozen Mint, Black Pepper, Ginger","Vodka, Gin, Spicy Accords","Kingwood, Leather, Amber, Tonka Bean",1600,192,150,120,2,10,250,724,1224
,,281,CHANEL NO .5,CHANEL,Farhan,,,,,,,1600,192,150,120,2,10,250,724,1224
,,282,DARK AMBER & GENGER LILY BY JO MALONE,JO MALONE,Sensula,Women,Winter &  Autumn,Evening / Night,"Black Cardamom, Ginger, and Pink Pepper","Water Lily, Jasmine, Orchid, and Rose","Kyara Incense (Oud), Black Amber, Sandalwood, Patchouli, and Leather",1600,192,150,120,2,10,250,724,1224
,,283,ETERNITY AIR WOMEN BY CALVIN KLEIN ,CALVIN KLEIN,Hussaini,Women,Spring & Summer,Day Time,"Sky Air Accord, Grapefruit, and Black Currant","Peony, Lily-of-the-Valley, and Pear","Musk, Cedar, and Ambergris",1600,192,150,120,2,10,250,724,1224
,,284,ETERNITY BY CALVIN KLEIN,CALVIN KLEIN,Sensula,,,,,,,1600,192,150,120,2,10,250,724,1224
,,285,ETERNITY SP (Inspired By cK),CALVIN KLEIN,Hussaini,Men,Summer (High),DAY & NIGHT,,,,1600,192,150,120,2,10,250,724,1224
,,286,HAVOC GOLD BY MARYAJ,MARYAJ,Sensula,Men,Winter & Autumn,Evening / Night,Aldehydes and Artemisia,"Coriander, Cinnamon, and Geranium","Musk, Patchouli, Sandalwood, and Oakmoss",1600,192,150,120,2,10,250,724,1224
,,287,HUSAN-E-YOUSAF,,Farhan,Unisex,All Seasons,Day Time,"Fresh Florals, Bergamot, and Citrus Zest","Rose, Jasmine, Orange Blossom, and Saffron","Soft Musk, Sandalwood, Oud, and Amber",1600,192,150,120,2,10,250,724,1224
,,288,INTENSE BY ARMANI,GIORGIO ARMANI,Sensula,Women,"Spring, Winter &  Autumn",Evening / Night,Blackcurrant Nectar,Damascena Rose and Davana (velvety and floral),"Bourbon Vanilla, Black Tea, and Patchouli",1600,192,150,120,2,10,250,724,1224
,,289,JAZZ TIGER,,Hussaini,,,,,,,1600,192,150,120,2,10,250,724,1224
,,290,ROMANCE HOLAND BY RALPH LAUREN,RALPH LAUREN,Sensula,Women,Spring & Summer,Day Time,"Rose, Yellow Freesia, Lemon, Chamomile, and Ginger","Lotus, White Violet, Lily, and Carnation","White Musk, Oakmoss, Exotic Woods, and Patchouli",1600,192,150,120,2,10,250,724,1224
,,291,TEA ROSE BY PERFUMER'S WORKSHOP (UK),PERFUMER'S WORKSHOP ,Farhan,Women,All Seasons,Evening / Night,Peony and Chamomile,"Tea Rose, Damask Rose, and Bulgarian Rose","Geranium Leaf, Violet Leaf, and Cedarwood",1600,192,150,120,2,10,250,724,1224
,,292,WHITE MUSK,,Farhan,,,,,,,1600,192,150,120,2,10,250,724,1224
,,293,COOL WATER BY DAVIDOFF,DAVIDOFF,Sensula,Men,Summer,Day Time,"Sea Water, Lavender, Mint, Green Notes, Rosemary, Calone, and Coriander","Sandalwood, Geranium, Neroli, and Jasmine","Musk, Tobacco, Oakmoss, Cedar, and Amber",1580,189.6,150,120,2,10,250,721.6,1221.6
,,294,BAKHOOR,,Sensula,,,,,,,1570,188.4,150,120,2,10,250,720.4,1220.4
,,295,ETERNITY MEN BY CALVIN KLEIN,CALVIN KLEIN,Sensula,Men,All Seasons,Day Time,"Lavender, Lemon, Bergamot, and Mandarin Orange","Sage, Juniper Berries, Basil, Geranium, Jasmine, and Lily","Sandalwood, Vetiver, Musk, Brazilian Rosewood, and Amber",1560,187.2,150,120,2,10,250,719.2,1219.2
,,296,DARK KISS BY BATH & BODY WORKS,BATH & BODY WORKS,Sensula,Women,Winter &  Autumn,Evening / Night,"Blackberry, Incense, Mirabelle Plum, and Bergamot","Raspberry, Geranium, Peony, and Rose","Vanilla, Musk, Resin, Amber, and French Labdanum",1550,186,150,120,2,10,250,718,1218
,,297,SECRET CHARM BY VICTORIA'S SECRET,VICTORIA'S SECRET,Sensula,Women,Spring & Summer,Day Time,"Honeysuckle, Gala Apple, and Stephanotis (Jasmine)",Chamomile and Aloe Vera,,1550,186,150,120,2,10,250,718,1218
,,298,HERRERA FOR MEN BY CAROLINA HERRERA,CAROLINA HERRERA,Sensula,Men,All Seasons,Day Time,"Rosemary, Lavender, Lemon, and Neroli","Cloves, White Pepper, and Geranium","Tobacco, Sandalwood, and Ambergris",1530,183.6,150,120,2,10,250,715.6,1215.6
,,299,ASEEL BY AL REHAB,AL REHAB,Sensula,Unisex,Winter & Autumn,Evening / Night,"Red Rose, Saffron","Sandalwood, Mint","Agarwood (Oud), Vanilla, Caramel",1520,182.4,150,120,2,10,250,714.4,1214.4
,,300,SAUVAGE BY DIOR,DIOR,Sensula,Men,All Seasons,DAY & NIGHT,Calabrian Bergamot,"Sichuan Pepper, Lavender, Star Anise, and Nutmeg",Ambroxan and Papua New Guinean Vanilla Absolute,1520,182.4,150,120,2,10,250,714.4,1214.4
,,301,VERSACE EROS FOR MEN BY VERSACE,VERSACE,Sensula,Men,All Seasons,Evening / Night,"Candy Apple, Mint, Lemon, and Mandarin Orange","Ambroxan, Geranium, and Clary Sage","Vanilla, Leather, Cedar, Sandalwood, and Patchouli",1520,182.4,150,120,2,10,250,714.4,1214.4
,,302,ROSE ISTANBUL BY AL REHAB,AL REHAB,Sensula,Unisex,Spring & Summer,Day Time,Fresh Roses and Citrus,Damask Rose and Geranium,Intense Rose and soft White Musk,1510,181.2,150,120,2,10,250,713.2,1213.2
,,303,CK GOLD BY CALVIN KLEIN,CALVIN KLEIN,Hussaini,Unisex,Spring & Summer,Day Time,"Fig, Bergamot, and Sage","Neroli, Jasmine, and Violet","Vetiver, Guaiac Wood, and Patchouli",1500,180,150,120,2,10,250,712,1212
,,304,RAT KI RANI,,Hussaini,Unisex,Spring & Summer,Evening / Night,Green Leaves and Neroli,Night-Blooming Jasmine (Raat Ki Rani) and Tuberose,"White Musk, Sandalwood, and sometimes Vetiver",1500,180,150,120,2,10,250,712,1212
,,305,ROMANCE BY RASASI,RASASI,Hussaini,Women,Spring & Summer,Day Time,"Hyacinth, Ylang-Ylang, Galbanum, Raspberry, Peach, and Apricot",Jasmine and Rose,"Powdery Notes, Sandalwood, Musk, Amber, and Cedar",1500,180,150,120,2,10,250,712,1212
,,306,SILVER SCENT BY JACQUES BOGART,JACQUES BOGART,Sensula,Men,"Spring, Winter &  Autumn",Evening / Night,Orange Blossom and Amalfi Lemon,"Lavender, Cardamom, Nutmeg, Rosemary, Coriander, and Geranium","Litchi, Tonka Bean, Teak Wood, and Vetiver",1500,180,150,120,2,10,250,712,1212
,,307,SUNSET GLOW BY BATH & BODY WORKS ,BATH & BODY WORKS ,Sensula,Women,All Seasons,Evening / Night,Sparkling Cherry Seltzer,Fresh Coconut and Dreamy Moonflower,Caramelized Vanilla,1500,180,150,120,2,10,250,712,1212
,,308,WHITE MUSK BY J.,J.,Sensula,Men,All Seasons,DAY & NIGHT,"Mint, Italian Lemon, and Green Apple","Geranium, Ambroxan, and Spicy Notes","Vanilla, Tonka Bean, Woody Notes, and White Musk",1450,174,150,120,2,10,250,706,1206
,,309,LACOSTE ESSENTIAL BY LACOSTE,LACOSTE,Sensula,Men,Spring & Summer,Day Time,"Tomato Leaf, Tangerine, Bergamot, and Cassia",Rose and Black Pepper,Sandalwood and Patchouli,1450,174,150,120,2,10,250,706,1206
,,310,MUSK UL HIND BY QASR-E-MUSK,QASR-E-MUSK,Sensula,Unisex,All Seasons,Day Time,"Bergamot, Lemon, and Warm Cinnamon","Sandalwood, Amber, and Agarwood (Oud)","Musk, Vanilla, and Rose",1450,174,150,120,2,10,250,706,1206
,,311,SKY BLUE BY MILTON LLOYD,MILTON LLOYD,Sensula,Women,Spring & Summer,Day Time,"Lemon, Cherry, Peach, and Freesia","Jasmine, Rose, and Lily-of-the-Valley","Musk, Amber, and Resins",1450,174,150,120,2,10,250,706,1206
,,312,DESIRE RED BY ALFRED DUNHILL,DUNHILL,Sensula,Men,"Spring, Winter &  Autumn",Evening / Night,"Apple, Lemon, Bergamot, and Orange Blossom","Rose, Teak Wood, and Patchouli","Vanilla, Musk, and Labdanum",1440,172.8,150,120,2,10,250,704.8,1204.8
,,313,DESIRE BLUE BY ALFRED DUNHILL,DUNHILL,Sensula,Men,Spring & Summer,Day Time,"Litchi, Mandarin Orange, Lotus, and Bergamot","Sea Notes, Orange, and Brazilian Rosewood","Tonka Bean, Musk, Amber, and Benzoin",1420,170.4,150,120,2,10,250,702.4,1202.4
,,314,SECRET BY RASASI,RASASI,Hussaini,Women,"Spring, Winter &  Autumn",Day Time,"Apple Blossom, Peach, Camellia, Orange, and Violet Leaf","Rose, Lily-of-the-Valley, Jasmine, Mandarin Orange, and Tangerine","Musk, Honeysuckle, Cedar, and Sandalwood",1400,168,150,120,2,10,250,700,1200
,,315,SHAMSA BY DUBAI,,Farhan,Unisex,All Seasons,DAY & NIGHT,"Bergamot, Orange, and Pink Pepper","Chocolate, Caramel, Rose, and Saffro","Musk, Vanilla, Sandalwood, and Amber",1400,168,150,120,2,10,250,700,1200
,,316,BLACK AFGANO 0040 BY NASOMATTO,NASOMATTO,Sensula,Unisex,Winter & Autumn,Evening / Night,"Cannabis, Green Notes","Resins, Woodsy Notes, Coffee, Tobacco","Incense, Agarwood (Oud)",1380,165.6,150,120,2,10,250,697.6,1197.6
,,317,PURE SEDUCTION BY VICTORIA SECRET,VICTORIA SECRET,Sensula,Women,Spring & Summer,Day Time,"Red Plum, Casaba Melon, and Cassis",Freesia and Chamomile,White Musk and Rosewood,1380,165.6,150,120,2,10,250,697.6,1197.6
,,318,ROSE VANILLE BY MANCERA,MANCERA,Sensula,Women,Winter & Autumn,Evening / Night,Fresh Lemon of Calabria,Rose and Turkish Delight,"Cedarwood, Intense Vanilla, and White Musk",1320,158.4,150,120,2,10,250,690.4,1190.4
,,319,CHANCE BY CHANALE ,CHANEL,Hussaini,,,,,,,1300,156,150,120,2,10,250,688,1188
,,320,WINTER JASMINE,,TRS Chem,,,,,,,1300,156,150,120,2,10,250,688,1188
,,321,FULL BY AL REHAB,AL REHAB,Sensula,Unisex,Spring & Summer,DAY & NIGHT,Pure Arabian Jasmine,Saffron and White Floral Accents,Agarwood (Oud) and Rose,1220,146.4,150,120,2,10,250,678.4,1178.4
,,322,FAWAKEH BEARY BY AL REHAB,AL REHAB,Hussaini,Unisex,All Seasons,Day Time,"Wild Strawberry, Raspberry, and Blackcurrant",Red Currant and Floral Accents,White Musk and Sugar,1200,144,150,120,2,10,250,676,1176
,,323,FOREVER,,Farhan,,,,,,,1200,144,150,120,2,10,250,676,1176
,,324,MOTIA VIP,,Hussaini,Unisex,Summer & Moonsoon,Evening / Night,Fresh Motia,Creamy Jasmine and Rosewater,"White Musk, Sandalwood, and a hint of Amber.",1200,144,150,120,2,10,250,676,1176
,,325,RED ROSE BY AL REHAB,AL REHAB,Hussaini,Unisex,Spring & Summer,Day Time,Red Rose and Taif Rose,Vanilla and a hint of Incense,White Musk and Sandalwood,1200,144,150,120,2,10,250,676,1176
,,326,FRESH ROSE BY NOVA LUCIA,NOVA LUCIA,Hussaini,Unisex,Spring & Summer,Day Time,"Dewy Rose Petals and Green Leaves. (A crisp, ""just-cut"" floral opening)",Geranium and Bulgarian Rose. ,"Light Musk and Honey. (A soft, sweet finish that grounds the airiness)",1100,132,150,120,2,10,250,664,1164
,,327,FOGG IMPRESSO BY VINI COSMETICS,VINI COSMETICS,Hussaini,Men,All Seasons,DAY & NIGHT,Bergamot and Ginger,Jasmine and Rose,"Sandalwood, Amber, and Patchouli",1000,120,150,120,2,10,250,652,1152
,,328,FOGG WEEKEND BY VINI COSMETICS,VINI COSMETICS,Hussaini,Men,Spring & Summer,Day Time,"Lemon, Mandarin, and Marine Notes",Jasmine and Fresh Greens,Light Musk and Sandalwood,1000,120,150,120,2,10,250,652,1152
,,329,TOBACCO,,Farhan,,,,,,,920,110.4,150,120,2,10,250,642.4,1142.4
,,330,COOL BAREEZE BY UNITED SCENTS,UNITED SCENTS,Sensula,Men,Summer,Day Time,Fresh Mint and Seawater (sharp and cooling),Spicy Rosemary,Clean Musk and Sea Salt.,880,105.6,150,120,2,10,250,637.6,1137.6
,,331,WHITE ROSE,,Hussaini,,,,,,,800,96,150,120,2,10,250,628,1128
,,332,ROSE WOOD BY AJMAL,AJMAL,Farhan,Unisex,Winter & Autumn,Evening / Night,Spicy Notes and Floral Notes,Rose and Musk,"Agarwood (Oud), Woody Notes, and Powdery Notes",690,82.8,150,120,2,10,250,614.8,1114.8